id,category
-0jUX5ZtWJ8_97,normal
-16lClEdFKg_24,self_occluded
-33y-t-MNT0_35,normal
-33y-t-MNT0_4,normal
-33y-t-MNT0_49,normal
-33y-t-MNT0_5,normal
-33y-t-MNT0_58,normal
-33y-t-MNT0_8,normal
-3QKEYGrKJU_2,normal
-5hRkAT8lcw_17,self_occluded
-5hUV0ZCWaI_16,hard
-7fXDaOcYms_2,normal
-7mG2rbEeGM_55,normal
-A6KI1JY60c_34,normal
-A6KI1JY60c_70,self_occluded
-Agg9sgQ_5A_33,self_occluded
-Agg9sgQ_5A_45,hard
-Agg9sgQ_5A_48,hard
-ApG4gj4fbY_20,hard
-ApG4gj4fbY_26,normal
-ApG4gj4fbY_7,self_occluded
-B1rwE3TdIs_205,normal
-D_iO3cm4Ns_15,normal
-E-S5b0pujY_76,normal
-FuAouPJlJM_12,hard
-FuAouPJlJM_14,normal
-FuAouPJlJM_16,hard
-FuAouPJlJM_9,hard
-J6Fe_Y1FO0_21,hard
-JBgrlDk6wU_96,normal
-LWq9Npv6Ew_37,normal
-LWq9Npv6Ew_38,self_occluded
-LWq9Npv6Ew_49,self_occluded
-LWq9Npv6Ew_51,self_occluded
-LWq9Npv6Ew_52,self_occluded
-RX6JfNLzx4_59,normal
-RrD_izJ178_51,normal
-S_7lCNrfnI_16,normal
-So8pSFvLEA_6,normal
-TifAB3M298_4,normal
-TifAB3M298_8,normal
-UI9RI6ryq8_26,normal
-VTE8Oh_Caw_11,self_occluded
-VTE8Oh_Caw_4,normal
-Vkf21gNQpQ_19,normal
-Vkf21gNQpQ_35,normal
-W58ye8lmKM_66,self_occluded
-YYSvbmbASc_18,self_occluded
-Z0QOTUI0vg_31,normal
-Z0QOTUI0vg_4,normal
-Z0QOTUI0vg_40,hard
-Z0QOTUI0vg_44,hard
-Z0QOTUI0vg_8,normal
-ZDtDKQ8j6s_0,normal
-ZHn7Dtg5VA_27,normal
-_SQYkyjnBI_16,normal
-aV7l833N-8_7,normal
-cUW9wjrSDQ_17,hard
-cUW9wjrSDQ_4,hard
-e5PjncW_0E_6,hard
-eXwIyZ-H8o_31,normal
-g4UKK68m7Q_1,normal
-g4UKK68m7Q_13,hard
-g4UKK68m7Q_5,normal
-g4UKK68m7Q_7,normal
-gRFP_o6Xx0_10,normal
-gRFP_o6Xx0_12,normal
-gkmzOb2C3E_100,self_occluded
-hnreoYvrJM_109,normal
-hnreoYvrJM_6,self_occluded
-hyJ9nMlYS4_16,self_occluded
-hyJ9nMlYS4_25,self_occluded
-iVHc2F8OSQ_25,normal
-iVHc2F8OSQ_33,normal
-j88niNzKFs_11,normal
-jpSOAlrAHs_4,normal
-k209jTEGoU_117,self_occluded
-pjHdojA9JE_1,normal
-qnKl2Cj0Lc_83,normal
-r63XD6zPLY_5,self_occluded
-rCvyKShYV8_54,normal
-rNT2PI0wO0_4,normal
-rNT2PI0wO0_8,self_occluded
-ribIIqvYWE_1,normal
-s6w9-116OI_3,normal
-s6w9-116OI_4,normal
-sXZFoJyQ7A_13,normal
-x7nvZsKLmw_73,self_occluded
-xEegYGbS3s_63,self_occluded
-xSf-xiND5M_28,normal
-yTX9JPzyg0_21,normal
03_ebIjUJTg_108,self_occluded
03gz-VVANRE_15,hard
03gz-VVANRE_57,self_occluded
03gz-VVANRE_6,self_occluded
04f-h3wQPHA_49,normal
05JDerDHO9c_11,self_occluded
07Uy7cA0TL8_4,normal
07imQX3WcqE_48,self_occluded
08GmsQuDry0_22,self_occluded
08iokuv_p8k_12,normal
08iokuv_p8k_15,normal
08iokuv_p8k_16,self_occluded
08iokuv_p8k_17,normal
08iokuv_p8k_22,self_occluded
08iokuv_p8k_25,self_occluded
08iokuv_p8k_27,self_occluded
08iokuv_p8k_31,normal
08iokuv_p8k_6,hard
0AG9vQSRU6U_19,self_occluded
0AG9vQSRU6U_37,hard
0AG9vQSRU6U_50,hard
0AG9vQSRU6U_6,hard
0Au9szyo-6U_0,normal
0Au9szyo-6U_17,normal
0Au9szyo-6U_25,normal
0C9ACBt3Tqs_9,normal
0CYk39uw7m8_5,normal
0CavacGECZ0_152,normal
0DE7vMNb_0Q_53,self_occluded
0DvZf89vyNY_295,normal
0ETiVOpLrZQ_14,self_occluded
0Hg_SX_UxJ0_12,self_occluded
0JrZitGMuKA_34,self_occluded
0Tg_wF6P16s_15,normal
1mE0KDlireA_22,self_occluded
1r3Fly5TsLw_17,self_occluded
1zdyHYfiZIU_2,hard
2eEM3M6KEk0_28,self_occluded
3X4AWuFi1xw_17,self_occluded
3XmOoCRxFzk_15,normal
3XmOoCRxFzk_23,normal
3YcTMswe1PI_8,hard
3Yiswy-uFGY_10,self_occluded
3Yiswy-uFGY_13,self_occluded
3Yiswy-uFGY_14,normal
3Yiswy-uFGY_19,normal
3Yiswy-uFGY_23,normal
3Yiswy-uFGY_7,normal
3Yiswy-uFGY_8,normal
3ZjFoGUU_68_206,self_occluded
3leD182_YmU_0,self_occluded
3leD182_YmU_2,normal
3leD182_YmU_4,self_occluded
3leD182_YmU_6,hard
3leD182_YmU_7,normal
3qYNJER65Do_9,normal
3tJmRGyvs3Y_15,normal
3v4yAAUcOgk_2,hard
3w_NXaZ4898_9,self_occluded
40qqlE_ETjk_26,normal
42kCNFzO_vk_523,normal
47t8ChjYDY4_14,normal
48lJa5TP3M4_28,self_occluded
4BckE62fxd8_71,hard
4BckE62fxd8_72,hard
4DbqbVeglyc_108,self_occluded
4DbqbVeglyc_114,hard
4DbqbVeglyc_80,normal
4IACdZD7L0Y_2,normal
4JqrfINhugs_56,self_occluded
4NWHIXesc9w_25,self_occluded
4N_YiyiwonY_10,normal
4O9QD0ppDtc_17,self_occluded
4PT-RjrnmGM_16,self_occluded
4PwBtyJ8DHU_131,normal
4QHR_BdWvkg_6,normal
4QP12AeYt3E_23,normal
4QP12AeYt3E_7,self_occluded
4Ud1EeaHugo_75,hard
4_V5NhukWPQ_48,normal
4_gAmQPetsI_31,normal
4_gAmQPetsI_45,self_occluded
4d6TMmUFiK8_102,self_occluded
4d6TMmUFiK8_108,normal
4fBB6IWIhWg_11,normal
4fKRsXaI0gI_10,self_occluded
4ia0muN9SdE_6,hard
4ia0muN9SdE_8,hard
4jgKHBbjRPA_42,self_occluded
4oQOaTSU9CM_39,hard
4oQOaTSU9CM_41,hard
4rDjQURLE-E_2,self_occluded
4rxpnnCR0Ic_13,normal
4s69--U9las_20,normal
4tDEBpWpzwo_16,self_occluded
4u6JPH0TTKY_5,self_occluded
4uhyiY1L40M_29,self_occluded
4xYy48_NSx0_33,self_occluded
4xYy48_NSx0_36,normal
4yurWE3S4Lk_21,normal
5025j7fUTZs_11,normal
52dVSZ5LOQ8_69,hard
54koo8xNn7I_6,hard
57_r3kxz4to_142,normal
5Acj3WakLSg_9,self_occluded
5Ae8qiei8ac_15,normal
5Bw4GB9A2L4_45,self_occluded
5Dm3g_vwAKE_0,normal
5HFmavbdThA_12,normal
5Iw8kY2he9c_3,self_occluded
5MINp7z2kMk_14,self_occluded
5R-izU_sz-I_0,normal
5Rgo5xEzTdQ_5,self_occluded
5TC_h2Xrwb0_75,self_occluded
5TkzcYD0aag_16,hard
5VUZA-HxaZs_29,self_occluded
5VonJy4DLLE_8,normal
5VsZjgw5rWw_11,normal
5VxuxIex4KQ_50,self_occluded
5WcgIjLL_kg_23,hard
5X3xxCAzNSc_12,self_occluded
5Xp33y5MXlI_14,self_occluded
5Zbh1F-WQxQ_86,self_occluded
5cpSNwKNCRw_3,self_occluded
5cpSNwKNCRw_4,self_occluded
5dcg9MpNYuc_71,self_occluded
5dsfjkNF_sA_38,normal
5dsfjkNF_sA_40,normal
5dxIItgj3gw_43,normal
5fT_p8ZJra4_3,normal
5f_k-W9kWXY_4,self_occluded
5h-fS_JO9wo_68,normal
5ln07sKGppA_13,hard
5ln07sKGppA_24,hard
5ln07sKGppA_36,normal
5ln07sKGppA_38,hard
5ln07sKGppA_53,self_occluded
5ln07sKGppA_57,self_occluded
5ln07sKGppA_59,hard
5ln07sKGppA_61,hard
5lxvN3h4bPM_69,normal
5mU-_JC67PE_1,normal
5ocRb1B_NC0_4,self_occluded
5ozOYomAJVo_9,normal
5p3LwX9jdQc_8,normal
5sDzkmGPb0A_5,normal
5tfdqDRLXQs_2,normal
5vkOzTcFdFc_8,normal
5w8h7BuPBGU_6,self_occluded
5xM3HHUCZdQ_14,hard
5xM3HHUCZdQ_17,hard
5xpHLJU95bo_28,normal
5ywM1ACUCxc_84,normal
6-FKh_XF-QE_33,normal
6-LAwE0zSGU_43,normal
625fjXOwo0w_2,normal
625fjXOwo0w_6,normal
63BbUhXdcWc_44,normal
63BbUhXdcWc_52,normal
63BbUhXdcWc_62,hard
63BbUhXdcWc_74,normal
63BbUhXdcWc_76,normal
64Kv9S2KvtE_21,self_occluded
64bABQ7hGwc_9,self_occluded
66EgdLHNLZg_49,normal
66nsgGbP8Lc_172,normal
67UthCWBuZg_97,self_occluded
67XiBXamoVU_75,self_occluded
67vJazvnorE_14,self_occluded
6B5fu6In5lo_13,normal
6B5fu6In5lo_5,normal
6CHyx7lTPDc_53,normal
6CdK-BfAnqA_0,normal
6GFl_ES122M_17,normal
6GO_eDbe80s_4,normal
6GlPhC5aObU_0,normal
6HXlLx-ZBoE_19,self_occluded
6HXlLx-ZBoE_22,self_occluded
6HXlLx-ZBoE_29,normal
6HXlLx-ZBoE_36,normal
6HXlLx-ZBoE_38,normal
6HXlLx-ZBoE_43,normal
6HXlLx-ZBoE_45,normal
6HXlLx-ZBoE_50,normal
6HXlLx-ZBoE_54,self_occluded
6I90mOmCqGc_14,normal
6I90mOmCqGc_7,self_occluded
6IKwWvvMFpw_19,normal
6IKwWvvMFpw_21,normal
6IZNSaVOM3s_3,self_occluded
6Lh9W9ei1i8_36,self_occluded
6Lh9W9ei1i8_39,hard
6Lh9W9ei1i8_4,self_occluded
6Lh9W9ei1i8_56,normal
6Lh9W9ei1i8_59,normal
6NaDT9lUC_Y_114,normal
6O_EXIl9ur0_3,normal
6O_mLQ6XdeI_28,normal
6O_mLQ6XdeI_50,self_occluded
6OwzOOjQwGw_49,normal
6T4BzRKf2Ko_34,normal
6TvBXf1G6N4_109,normal
6U15B8vim5k_3,normal
6WH_2HTBkbo_29,self_occluded
6XTmKTqYxAk_8,normal
6Z1mvsuSIG0_34,normal
6ZnHOqsVFNE_35,hard
6_8e0hqU-jc_1,normal
6_cSCKrFRNI_15,normal
6_cSCKrFRNI_19,self_occluded
6_cSCKrFRNI_26,normal
6_cSCKrFRNI_35,normal
6_cSCKrFRNI_39,normal
6_cSCKrFRNI_49,normal
6_cSCKrFRNI_5,normal
6amW4E5638U_1,normal
6bn7MRPCFlQ_6,normal
6dCcMP0KW9I_60,normal
6et4XvWQvSc_17,self_occluded
6etUCmsqYDY_43,self_occluded
6fNQAdmwMag_4,normal
6iodow3CU-c_13,normal
6mtoa8VovCs_2,normal
6mtoa8VovCs_39,self_occluded
6qx--s2cOJ0_47,normal
6tRnbESGDGA_103,normal
6u8mYvF1fgE_6,self_occluded
6xWZFBcbXvs_14,hard
6xWZFBcbXvs_16,self_occluded
6xWZFBcbXvs_23,self_occluded
6xWZFBcbXvs_24,self_occluded
6xWZFBcbXvs_26,hard
6xWZFBcbXvs_30,self_occluded
6xWZFBcbXvs_34,self_occluded
6xWZFBcbXvs_35,hard
6xWZFBcbXvs_37,hard
6xWZFBcbXvs_9,hard
70RxJnEPZjo_22,self_occluded
71VHBjSsSyg_39,normal
71VmGyOaNWY_3,normal
72OJkp5J0fo_18,self_occluded
72OJkp5J0fo_21,normal
72OJkp5J0fo_25,normal
72OJkp5J0fo_38,self_occluded
74gcvRiAj3o_12,self_occluded
74gcvRiAj3o_3,self_occluded
74gcvRiAj3o_9,self_occluded
75WV461xbyM_80,self_occluded
77_PWRT3G5I_19,self_occluded
77_PWRT3G5I_53,normal
7Bi93O10vho_4,normal
7CYwjROL_EI_10,normal
7DPOGDT50Ao_4,hard
7E0n-aOyWDw_54,hard
7FNBamAkCLg_119,normal
7GjugAK38ag_5,normal
7HNvMM5aqpo_103,normal
7IWYo4THg0M_40,normal
7IWYo4THg0M_44,self_occluded
7IWYo4THg0M_8,self_occluded
7J9RA6mfONE_14,normal
7KWrEsnOOnE_114,normal
7M11VLYtFKQ_9,self_occluded
7M1PT6_2qnM_67,normal
7NZPDx0FA2M_8,normal
7Nhf31BbDF4_90,normal
7TxvHDVX2rQ_9,normal
7U0OlL3v8v4_33,normal
7UoZMS-V8aY_16,normal
7UoZMS-V8aY_18,normal
7VIQMjx5C4k_78,normal
7WhKMQb0s5k_12,normal
7WhKMQb0s5k_19,normal
7WhKMQb0s5k_23,self_occluded
7WhKMQb0s5k_39,self_occluded
7WhKMQb0s5k_8,normal
7_U_Y5_Xvso_0,normal
7_ieHdLbg_w_9,normal
7a0auCITZ1c_12,normal
7adFzyrCW1A_12,normal
7adFzyrCW1A_16,normal
7adFzyrCW1A_6,normal
7bDEb5b4eao_28,normal
7beZU4Tj9fo_8,normal
7cZyis1RAhU_19,hard
7cZyis1RAhU_25,normal
7cZyis1RAhU_30,normal
7cZyis1RAhU_33,normal
7cZyis1RAhU_37,normal
7e5dP8BKcgU_110,hard
7e5dP8BKcgU_112,hard
7e5dP8BKcgU_17,normal
7e5dP8BKcgU_25,hard
7e5dP8BKcgU_58,normal
7e5dP8BKcgU_59,normal
7e5dP8BKcgU_60,normal
7e5dP8BKcgU_67,normal
7e5dP8BKcgU_90,normal
7e5dP8BKcgU_97,normal
7f-NBhO0dOg_32,self_occluded
7lhWXsI4y8s_30,normal
7rzJXMYSe9A_53,self_occluded
7s3hngP8_70_13,normal
7taHz6uyhco_61,hard
7wuy2Myqml0_35,self_occluded
7yMUkEwsgFc_55,self_occluded
7yNscDfpjEY_75,self_occluded
7y_W32F8aks_4,normal
7zeOZGdMIWk_50,hard
83ZrElNEzqA_40,self_occluded
85OwxiKw2r0_50,normal
85OwxiKw2r0_51,normal
85v3gJvlykw_0,normal
85v3gJvlykw_16,self_occluded
869KPPg2O_o_2,self_occluded
87FJ6GPl7mk_7,self_occluded
87oGMy2oMh4_3,normal
87oGMy2oMh4_5,normal
881zmYqv2MI_6,normal
887-Ljjh084_75,hard
8AnOBe11ppM_8,normal
8Bbf7VQI-1w_4,self_occluded
8EB58JU62mM_13,self_occluded
8H-DZdorrKs_97,self_occluded
8HM7rGmqdEM_54,self_occluded
8JFmCxGyVWE_32,normal
8M1GbKQ__U0_10,normal
8P5wH40AlX4_35,self_occluded
8PRtmGveKbY_12,normal
8PRtmGveKbY_144,self_occluded
8PRtmGveKbY_279,normal
8PRtmGveKbY_33,normal
8PRtmGveKbY_40,normal
8PRtmGveKbY_51,normal
8TidudcfGsU_2,normal
8UqYfaxOJOg_237,self_occluded
8XlxzFzVp2A_1,normal
8Zl83Gxx2ow_5,normal
8Zz_vbLcvZY_87,self_occluded
8_OUBwA2yTI_132,self_occluded
8_RDajToFJo_11,normal
8bt3w1shEOU_103,normal
8bt3w1shEOU_190,self_occluded
8bt3w1shEOU_42,self_occluded
8bt3w1shEOU_57,self_occluded
8dRdpzCKhos_22,normal
8dRdpzCKhos_27,self_occluded
8dRdpzCKhos_32,hard
8dy6fC4fnOs_55,normal
8dy6fC4fnOs_61,normal
8fGBq9KhJ9U_36,normal
8fVMdYlbv5Q_11,self_occluded
8gsd0a87U1A_54,normal
8h8zOfmGQmk_27,normal
8h8zOfmGQmk_39,normal
8h8zOfmGQmk_41,hard
8h8zOfmGQmk_47,normal
8h8zOfmGQmk_5,normal
8h8zOfmGQmk_55,self_occluded
8h8zOfmGQmk_80,hard
8h8zOfmGQmk_83,normal
8h8zOfmGQmk_97,normal
8hM-WANRJEE_1,self_occluded
8i_nZ-nz3Wo_96,normal
8kyeYqZPwW4_13,normal
8kyeYqZPwW4_2,normal
8kyeYqZPwW4_7,normal
8kyeYqZPwW4_8,normal
8lkOxhjDXT4_4,normal
8nasGT-NM-g_5,self_occluded
8o21XtmHVBs_179,normal
8s5_kJlUnls_5,self_occluded
8sUsjmC1JdU_103,self_occluded
8tknefFgpn8_14,self_occluded
8tknefFgpn8_17,normal
8tknefFgpn8_28,normal
8tknefFgpn8_30,self_occluded
8tknefFgpn8_32,normal
8tknefFgpn8_35,normal
8tknefFgpn8_37,normal
8tknefFgpn8_43,self_occluded
8tknefFgpn8_46,self_occluded
8uAIQE8s1Qs_80,normal
8uRMqPc8Hj4_98,normal
8uVv7sF7oLs_3,normal
8ua3wgAmX-8_23,normal
8wKbPlw46X4_68,hard
8wSXy6YW4RE_10,normal
8wSXy6YW4RE_44,normal
8wSXy6YW4RE_5,normal
8ygmwrHLJJs_27,normal
90WQRjLo_o8_24,normal
90o4N8LNolY_5,self_occluded
90o4N8LNolY_6,self_occluded
91NztFoU9nE_10,normal
92JaV3Xx1lY_34,self_occluded
92XCMGHgiQ0_54,self_occluded
92xythZZjuI_29,normal
93PvJ8mwwh0_20,self_occluded
93PvJ8mwwh0_22,self_occluded
93PvJ8mwwh0_27,normal
93PvJ8mwwh0_66,normal
93PvJ8mwwh0_7,self_occluded
93XIDxv4lnE_4,self_occluded
93XIDxv4lnE_7,self_occluded
94Vx9h_vmHI_2,normal
96b7YFWOPMU_18,normal
99FntKu-kN0_27,normal
99YaF1pj9lI_2,normal
9AONe8rlkgY_20,normal
9A_5BBRGCNA_1,normal
9AfvNvP9dmA_20,hard
9AfvNvP9dmA_3,self_occluded
9AfvNvP9dmA_43,hard
9AfvNvP9dmA_59,hard
9Al7KM5cgRg_85,normal
9Al7KM5cgRg_88,normal
9FmGbIfy5a0_27,self_occluded
9GvV12yMqgg_3,normal
9HyyvFPge8Q_1,normal
9Js5SkLMLYQ_7,normal
9KI8SqHWH90_26,normal
9Lldtr7yz9g_6,self_occluded
9MUXXGt5HZ0_34,self_occluded
9ND4tTu8D50_34,normal
9_8BxmFEMz0_41,hard
9_8BxmFEMz0_42,hard
9_8BxmFEMz0_63,hard
9_8BxmFEMz0_64,self_occluded
9_8BxmFEMz0_76,hard
9_cKl9n4Ub4_0,normal
9bUbnhsugsw_33,normal
9bUbnhsugsw_36,normal
9eOCJgk3zDc_0,self_occluded
9eOCJgk3zDc_31,normal
9f5bgQolGP8_15,normal
9f5bgQolGP8_17,normal
9gTT7ZchXoQ_49,normal
9h-limQLc08_78,normal
9h2ckwD_rqM_165,self_occluded
9hoofzRvyAg_19,normal
9iTEMLhbTyU_4,normal
9iw98ctCdek_13,hard
9j8iIPVctCs_64,normal
9jOdSadQ-3o_26,self_occluded
9jOdSadQ-3o_31,normal
9jOdSadQ-3o_43,normal
9jOdSadQ-3o_48,self_occluded
9jx5FYv0KJg_19,self_occluded
9jx5FYv0KJg_21,self_occluded
9jx5FYv0KJg_26,normal
9miKG1JDALs_43,self_occluded
9oQ00CirrWg_10,hard
9oQ00CirrWg_14,hard
9oQ00CirrWg_15,self_occluded
9oQ00CirrWg_16,self_occluded
9oQ00CirrWg_19,self_occluded
9oQ00CirrWg_20,self_occluded
9oQ00CirrWg_22,self_occluded
9oQ00CirrWg_4,hard
9pK4a1ZZ0S8_21,self_occluded
9pK4a1ZZ0S8_4,self_occluded
9pY5jRQK2Bw_46,self_occluded
9qLSYHIHp10_38,self_occluded
9qLSYHIHp10_47,hard
9qMNPEyB7tQ_21,normal
9rCSVWQG_Z0_110,normal
9rPk697WuQw_10,self_occluded
9sBabSI-fwY_17,hard
9sBabSI-fwY_20,normal
9sBabSI-fwY_25,hard
9sBabSI-fwY_4,normal
9ucZWEu0xJk_12,self_occluded
9ucZWEu0xJk_14,self_occluded
9ucZWEu0xJk_25,hard
A1zqey_44wg_127,self_occluded
A7ZGTBcsLAk_8,self_occluded
A7siBuW9KYY_45,normal
A7wZ0QgRgHc_43,normal
A7wZ0QgRgHc_45,normal
A8xaJJro4xs_24,self_occluded
A9TGNQg8GZE_38,hard
A9kzCe_XTg4_22,normal
AABu_6cKOzI_70,self_occluded
AEZRizCdrUs_10,hard
AEZRizCdrUs_11,self_occluded
AEZRizCdrUs_27,self_occluded
AEZRizCdrUs_45,self_occluded
AEZRizCdrUs_47,self_occluded
AEZRizCdrUs_48,self_occluded
AEZRizCdrUs_56,hard
AEZRizCdrUs_8,self_occluded
AEZRizCdrUs_9,self_occluded
AEeQ1DvJr2s_14,self_occluded
AGYPDZa97DI_14,normal
AGciZefmCzA_11,normal
AGciZefmCzA_22,normal
AGciZefmCzA_29,normal
AGciZefmCzA_32,normal
AGciZefmCzA_39,normal
AGciZefmCzA_43,normal
AGciZefmCzA_5,normal
AGciZefmCzA_7,normal
AH-156ugyb4_14,normal
AJ2_gn8V2fo_3,self_occluded
AJ6pAZPL13Y_26,self_occluded
AJSp5pMG9jI_17,normal
AJSp5pMG9jI_21,normal
AJSp5pMG9jI_22,normal
ALRGKbjGklM_15,normal
ALRGKbjGklM_3,normal
ALRGKbjGklM_7,normal
AW_a0m2pWz8_18,normal
AW_a0m2pWz8_27,self_occluded
AX5IN4RBi8Q_37,self_occluded
Aai2Ux2Wsnk_132,normal
AcnheUifItM_22,normal
AdC5Du0HgtY_8,normal
AdQGdKvEkrs_36,normal
AeTM28EAbyo_18,normal
AetDM3fJVIE_1,normal
AetDM3fJVIE_31,normal
AghBR1Rvdh8_24,normal
AhhlLMnHIUg_19,normal
AhhlLMnHIUg_26,hard
AjyIxcZ0fik_21,normal
AmF-JetTxaM_45,normal
AoKE0RtfNmE_15,normal
AoKE0RtfNmE_31,normal
AoKE0RtfNmE_34,normal
AoKE0RtfNmE_42,self_occluded
AoKE0RtfNmE_46,normal
ApS0mCsXQyk_2,normal
AqQGfJB6MT0_39,self_occluded
AqQGfJB6MT0_41,self_occluded
ArAnE6eN4Fw_4,normal
As5-FnvtUAk_26,self_occluded
Asbd9R9Hsq0_77,normal
Atm6GwjPkjc_6,normal
Av0irsJ4pZo_11,hard
Av0irsJ4pZo_4,normal
AvF8xxwkwfQ_54,normal
AwCof9honSo_4,self_occluded
AxW_1NNqoZ4_1,normal
B-10dcA15-A_71,self_occluded
B-fpNMb25yg_11,self_occluded
B-fpNMb25yg_54,self_occluded
B-ttdETmhWA_58,normal
B-vgTT_Ia1U_32,self_occluded
B128qaahuRo_19,self_occluded
B128qaahuRo_21,self_occluded
B4bb_-T2cDg_3,normal
B665L3bSkIM_28,normal
B665L3bSkIM_47,normal
B6qF4TLb13s_23,normal
B7uupzCfeEw_5,normal
BANecUsSFFw_24,normal
BANecUsSFFw_54,normal
BBjqbP8lQPQ_1,normal
BBnHblPD9g8_39,self_occluded
BBnHblPD9g8_43,self_occluded
BCWvFp2MhBw_153,normal
BCWvFp2MhBw_60,normal
BCb9KxH9G3s_7,normal
BGPc9hFD0Vw_15,normal
BGgeSleNGEc_4,normal
BHCs3IBBZ_Y_5,normal
BJ3OIYkw2hY_2,normal
BJ3OIYkw2hY_3,self_occluded
BJ3OIYkw2hY_6,self_occluded
BJ3OIYkw2hY_8,self_occluded
BKMw3lJwlFI_37,self_occluded
BL457nOIQ9w_38,self_occluded
BLNnMAWMswc_21,self_occluded
BM5jHMdvfPc_11,normal
BM5jHMdvfPc_15,self_occluded
BM5jHMdvfPc_2,normal
BM5jHMdvfPc_3,normal
BM5jHMdvfPc_5,normal
BM5jHMdvfPc_7,normal
BM5jHMdvfPc_9,normal
BM81kS4IPXM_6,normal
BMOhkrE2MBg_31,normal
BMwnqDcv4zc_9,normal
BNoi_mmip1s_0,normal
BOZ3v1NznGQ_30,self_occluded
BOZ3v1NznGQ_34,self_occluded
BOs_8kR6q6Q_2,hard
BQHHwF5wwDU_9,normal
BQv2rpeUCF4_48,self_occluded
BR3_F_gX4KI_0,normal
BR3_F_gX4KI_10,normal
BR3_F_gX4KI_20,normal
BR3_F_gX4KI_5,normal
BU2X5EPuoQw_536,normal
BUps8JCYa24_116,self_occluded
BUz2WumRTc8_42,self_occluded
BVXlN1AG064_11,self_occluded
BWamKz7lbNo_38,normal
BXwa1ssMzxg_16,normal
BZCqZogTdkA_1,normal
BaO4fTVaTl4_19,self_occluded
BcRb_9Q992U_0,normal
BdqsoDxCui8_122,normal
BeGyALmARoo_8,normal
Bj6tndx8yFE_32,self_occluded
Bj6tndx8yFE_36,self_occluded
Bj6tndx8yFE_9,self_occluded
Bk3aVBXyrAQ_1,self_occluded
Bk3aVBXyrAQ_3,normal
Bk3aVBXyrAQ_5,normal
BlNbXh_owDE_4,self_occluded
BloaHaQ6iRE_19,normal
Bm5m3HEF9PU_58,normal
BnxEDPX3Fqc_12,hard
BnxEDPX3Fqc_15,normal
BnxEDPX3Fqc_22,self_occluded
BnxEDPX3Fqc_8,hard
BpMwnfXfrzY_21,hard
BpMwnfXfrzY_3,self_occluded
BpZSfwaQXGw_84,self_occluded
BpaT8ARUums_47,self_occluded
BqWTri0Wbqg_11,hard
BqWTri0Wbqg_5,hard
BqqQwFQyJr8_6,normal
Br39WLbHHXI_38,self_occluded
Br91dOD8Egg_3,normal
Br91dOD8Egg_9,normal
BtHqYFRsS08_33,normal
BvXFjvSeChQ_21,self_occluded
BvnJ1WO_tOU_28,self_occluded
Bvv9tzBPcAE_77,self_occluded
Bw8vN2W3SMw_64,normal
BwVjrgrriQc_0,normal
C21Njuq6fs0_58,self_occluded
C21Njuq6fs0_66,hard
C2Ye7UwuxFw_4,normal
C5sSicZ5JGc_3,normal
C7374_PQZ6k_3,self_occluded
C7374_PQZ6k_4,self_occluded
CAMH0rwTmK8_79,self_occluded
CAbgiVVnIMM_30,normal
CCjHnwU4eYI_27,self_occluded
CClcme0WOU8_13,hard
CClcme0WOU8_6,normal
CE81RKmrrA4_23,normal
CG4PcwJ6rXU_23,self_occluded
CIrhYDuSGlE_28,self_occluded
CJUS3eFEHrk_37,normal
CJrJ5rs1opE_40,normal
CKFrvXGTQMI_12,self_occluded
CKFrvXGTQMI_20,self_occluded
CKFrvXGTQMI_24,self_occluded
CKFrvXGTQMI_4,self_occluded
CKFrvXGTQMI_55,self_occluded
CL8bhsxl0E0_8,self_occluded
CLLlVRO2Oc8_18,normal
CLLlVRO2Oc8_33,normal
CLLlVRO2Oc8_42,normal
CLLlVRO2Oc8_48,normal
CLLlVRO2Oc8_59,normal
CLLlVRO2Oc8_8,normal
CMDtV7vXsHQ_47,normal
CNv-WBKYVGo_0,normal
CNv-WBKYVGo_4,normal
COutGVojxVo_2,normal
CPFCRkl0VyA_97,self_occluded
CPJp_I_bghQ_2,self_occluded
CPJp_I_bghQ_20,hard
CPJp_I_bghQ_38,hard
CPJp_I_bghQ_6,hard
CPJp_I_bghQ_8,hard
CRb8JmPBG5g_34,normal
CRzrRAQB8kg_11,self_occluded
CRzrRAQB8kg_12,self_occluded
CRzrRAQB8kg_21,normal
CRzrRAQB8kg_23,self_occluded
CRzrRAQB8kg_24,normal
CRzrRAQB8kg_38,self_occluded
CRzrRAQB8kg_9,normal
CTIshKO7aYU_79,normal
CTW_wQn214w_3,normal
CUXBj8cwsIM_5,self_occluded
CYQlws3xQpk_46,self_occluded
CYq-J2YYWSA_11,normal
CZO4qoUIFdw_5,normal
CavkOolIkxU_20,normal
CcLgEroLK-g_14,self_occluded
CeoaFaB3OO0_34,normal
CfXfasDZfF8_8,normal
CfXfasDZfF8_9,normal
ChiQcaqUrPs_1,self_occluded
Cl-5zC17kW8_32,normal
Cm924kuBqvI_22,normal
Cn2LpRpGkNU_7,normal
CoPmR3-u7P4_5,normal
CojrKAYorrI_70,normal
CrvtPyYsE90_10,hard
CrvtPyYsE90_13,hard
CrvtPyYsE90_14,hard
CrvtPyYsE90_16,hard
CrvtPyYsE90_20,hard
CrvtPyYsE90_3,hard
CuRLMfMPuIE_99,self_occluded
CvCUZVmtHT0_1,normal
CvpjEV4Fp7w_15,normal
Cvv1jtv6UbI_24,self_occluded
CwHMslgf-0w_20,normal
CxC2-t73G2g_23,hard
CxC2-t73G2g_34,hard
CxC2-t73G2g_35,hard
CxC2-t73G2g_36,hard
CxC2-t73G2g_37,hard
CxYaEZrlnr8_18,self_occluded
CyFpr5LfYLo_0,normal
CywIXDKKzAE_11,normal
CzVMrAS01Ow_48,normal
CzjnxXWQw9I_36,normal
D0WXT70Rcl0_59,normal
D0_R2dAkWM8_11,normal
D223H0AfoCo_37,normal
D2KtnWTnubI_1,normal
D4YHHX-hstQ_52,self_occluded
D8aqBV7hEoM_31,normal
D9BDWP_ww_k_5,normal
D9V6_CUr1HE_11,self_occluded
D9qG5dA_gcg_52,normal
DA0-QfrFabU_37,self_occluded
DD8NrxnIjTA_4,self_occluded
DDr83MJLHYQ_49,normal
DFhDWhTmIoE_34,normal
DG1U81XMpJA_17,normal
DGcl76ye-N4_20,normal
DH46nA2B1fo_18,normal
DH46nA2B1fo_31,normal
DIYLiD3wICw_3,normal
DImREqv6lCI_5,normal
DKbYZmyyNwE_16,self_occluded
DLMKc29zj4E_17,normal
DLMKc29zj4E_20,normal
DLtBYdp8r1A_108,normal
DMKE5YGLnmc_4,normal
DMeO4WYTNuc_25,self_occluded
DMeO4WYTNuc_32,normal
DMeO4WYTNuc_9,normal
DNma7dZm0Fk_17,normal
DOGN0AmWHuM_4,normal
DOOS1Clt6KQ_51,normal
DQ8-XiegICk_62,self_occluded
DT21dfpcM8g_9,normal
DTYZ4VcRpBU_35,normal
DUEbMzEm150_7,self_occluded
DVPZrFcYzck_6,normal
DWEAzAExKCE_32,normal
DWEAzAExKCE_51,normal
DWyPbPg1zE8_9,self_occluded
DXIMznThZ1Q_17,normal
DY-ixhDDG1k_2,normal
DZlBwuz7zmQ_11,self_occluded
DZu7-18B2N4_4,normal
D_X0-WcKjbY_10,normal
D_X0-WcKjbY_11,normal
D_X0-WcKjbY_12,normal
D_X0-WcKjbY_13,normal
D_X0-WcKjbY_18,self_occluded
D_X0-WcKjbY_19,normal
D_X0-WcKjbY_23,normal
D_X0-WcKjbY_33,self_occluded
D_X0-WcKjbY_37,normal
D_X0-WcKjbY_5,normal
DagcRXK8bkM_85,self_occluded
Dd7FfHlsXpM_0,normal
DdUG4zNPesg_27,self_occluded
Df_upKiWciI_47,self_occluded
Dg7URoTMV9g_11,normal
DgW5aLtCuLo_111,self_occluded
Dj0G6kpbrO8_13,normal
Dj0G6kpbrO8_7,self_occluded
Dmy1sEIlZCc_10,normal
DngIIFgsej8_31,normal
Dq7iz8kgl2U_85,hard
DsWhiGO9lBc_3,self_occluded
Dui4y5FmYhQ_6,hard
DwkHK3rfKO0_49,normal
DwriBLe1OEU_62,normal
DxOV7CU1z74_29,self_occluded
DxOV7CU1z74_40,normal
DzrEPPD3sIs_16,normal
DzrEPPD3sIs_8,normal
E-CJ1ZJ_K1w_28,normal
E0O5qt3uQ4U_1,normal
E0cRfuaMl8E_8,self_occluded
E1lMB9_vFak_54,normal
E3W0cPa6pHU_19,normal
E4TvhVm78sE_4,self_occluded
E5VN-MI1mZA_4,normal
E631L_uyItI_10,hard
E631L_uyItI_13,hard
E631L_uyItI_15,hard
E631L_uyItI_18,hard
E631L_uyItI_33,hard
E631L_uyItI_42,self_occluded
E631L_uyItI_6,self_occluded
E6IaAzPynuM_14,self_occluded
E6IaAzPynuM_8,normal
E9d-l0KHfTY_119,normal
EA1jjp30Hsw_14,normal
EAPe10FKbNo_34,normal
ECRirEi7O-M_23,normal
ECRirEi7O-M_27,self_occluded
ECRirEi7O-M_39,self_occluded
EGbHcVHA4J4_104,normal
EGrYutQY-V8_10,normal
EIibo7aTpys_24,self_occluded
EJA7MbQiB24_17,hard
ELDhBTenZCU_15,normal
ELDhBTenZCU_23,normal
ELDhBTenZCU_26,self_occluded
ELDhBTenZCU_28,normal
ELDhBTenZCU_29,normal
ELMSFMFi7S8_22,normal
ELMSFMFi7S8_7,normal
ELn0Rt5FU1c_17,normal
ELn0Rt5FU1c_22,self_occluded
EMX-33QYEY0_0,self_occluded
ESAaGXjhmCU_53,normal
ESGNLSTD2as_8,normal
EV3y3ehKePA_1,normal
EWbaUKKYG0s_2,normal
EWyxaq1g-98_31,normal
EYbcuxzDGp4_14,normal
EYbcuxzDGp4_18,self_occluded
EYbcuxzDGp4_19,normal
EYbcuxzDGp4_20,hard
EYrh2RtD1Z4_9,self_occluded
EmWxdO36tzo_6,self_occluded
EpuOAJMK_8U_27,self_occluded
EpuOAJMK_8U_5,normal
EqIRM8rZxxQ_28,self_occluded
EyczwNhIbZk_2,self_occluded
EykTXlhVmTg_1,normal
EzjaZuMOxeg_10,normal
F0tQy-sFoqU_0,self_occluded
F0vJYWBF3rY_32,normal
F2ij6lwpybI_62,self_occluded
F4Idjtw0nUM_10,self_occluded
F4Idjtw0nUM_4,self_occluded
F59riJMlMUQ_70,self_occluded
F5_hA2Z_Hvg_98,normal
F7IQDbpy0NA_22,normal
F8qAxcQvdKI_69,normal
F9-Cs576s3s_7,hard
F9nmYerpkus_22,normal
FAR7wGNzUh4_4,self_occluded
FJirHlmYlrY_8,normal
FJirHlmYlrY_9,self_occluded
FJncb6sIX7Y_26,normal
FKKcsqCFmSY_2,self_occluded
FL-fZAkdf9A_82,hard
FL-fZAkdf9A_85,hard
FP139DFgd9w_71,normal
FP139DFgd9w_73,self_occluded
FQIRp9wCYh4_18,self_occluded
FRwHcJjfCR4_81,normal
FRwHcJjfCR4_89,normal
FVoeiMxy9TU_6,hard
FWUCjj44YIg_59,normal
FWUCjj44YIg_71,self_occluded
FWrlJEbniJM_11,hard
FXIrc25ybpg_62,normal
FXK30cd_L_k_1,normal
FYs61VatksY_104,self_occluded
FYyii_kEUHc_15,self_occluded
F_sLNtpuur0_21,self_occluded
F_sLNtpuur0_23,self_occluded
F_sLNtpuur0_27,self_occluded
F_sLNtpuur0_5,self_occluded
F_sLNtpuur0_8,self_occluded
FbzD9mocsjs_1,self_occluded
FbzD9mocsjs_10,self_occluded
FbzD9mocsjs_3,self_occluded
FbzD9mocsjs_4,self_occluded
FbzD9mocsjs_6,hard
FbzD9mocsjs_8,self_occluded
Fc1Xh6aYf54_13,normal
Fc5rclxeoIM_53,normal
FcuQU8hOrNU_28,self_occluded
FcuQU8hOrNU_9,self_occluded
FdcENx6X4bI_117,normal
FeH3RqNlbAQ_74,normal
FeqnCoDlE1g_55,self_occluded
FeqnCoDlE1g_60,normal
FeqnCoDlE1g_77,self_occluded
FfoqJ3gvb4k_20,normal
FfoqJ3gvb4k_23,normal
FfoqJ3gvb4k_40,self_occluded
FfoqJ3gvb4k_44,self_occluded
FfoqJ3gvb4k_46,self_occluded
FfoqJ3gvb4k_64,self_occluded
FfoqJ3gvb4k_8,self_occluded
FgEjHCFfOHw_22,normal
FlhKz4qGteQ_0,normal
FpEwI4DqySw_3,hard
FqM2m0e5FzA_12,normal
FrAQkyS7QAg_17,self_occluded
FuITjABkxpI_1,normal
FuJuqPNlkRg_17,normal
FuJuqPNlkRg_393,self_occluded
FuwMv1ySVrg_68,normal
FvgqlxnKNYw_73,normal
Fw9D9BUjbHM_14,normal
FwXzG6MKGiQ_18,normal
FyHjDhe4cZg_57,normal
G-w0p1-CtGU_21,normal
G1RwdeT50Aw_20,normal
G1RwdeT50Aw_6,normal
G1YQgcTWKrM_7,normal
G29YUfI4bNM_37,self_occluded
G2Vcw07fDlQ_11,self_occluded
G2uEqsy38nQ_6,normal
G3fmhSOabAY_10,self_occluded
G3l8rOEEGE8_11,normal
G3qFBilq_24_6,hard
G5_BiZNOJz0_27,normal
G5_BiZNOJz0_28,normal
G5_BiZNOJz0_29,normal
G5fesqJI8kc_28,self_occluded
G5fesqJI8kc_57,normal
G7l-iqdNNyk_34,normal
G83A3olZj9M_14,normal
G83A3olZj9M_21,hard
G83A3olZj9M_31,hard
G83A3olZj9M_35,normal
G83A3olZj9M_37,normal
G83A3olZj9M_43,normal
G83A3olZj9M_45,normal
G83A3olZj9M_63,hard
G9QOtIzoDhk_50,normal
GBWaEAVt5eg_13,self_occluded
HxRaWic3K5M_18,normal
HxRaWic3K5M_22,normal
HxRaWic3K5M_24,normal
HxRaWic3K5M_27,normal
HxRaWic3K5M_33,normal
HxRaWic3K5M_40,self_occluded
HxRaWic3K5M_5,normal
HxRaWic3K5M_66,normal
I0-1DUnE9h0_0,normal
I2b0GjTLowA_9,normal
I7D9ZEO1Ujo_53,hard
I8tdugndg0U_82,self_occluded
I9iOphRXa4A_23,self_occluded
I9q9mpHkoJ8_21,normal
IAuMpRtba3g_27,normal
IC9JNtmkjnQ_2,hard
ILCpI-JdWvo_11,normal
IMAkTvbsHEw_4,self_occluded
IMAkTvbsHEw_6,self_occluded
IMHiK70hxRw_1,self_occluded
IMxl8NJrY7Q_2,normal
IMxl8NJrY7Q_7,self_occluded
IN1ulv0YZ-s_35,normal
IN1ulv0YZ-s_57,normal
IS7bk69iMN0_81,normal
I_ZziFjd30Y_20,normal
IbuX-ouuA-c_4,normal
IbuX-ouuA-c_69,normal
IbuX-ouuA-c_7,normal
IbuX-ouuA-c_93,normal
IbuX-ouuA-c_96,normal
IbuX-ouuA-c_98,normal
IcLXiqXRLlw_42,normal
IelBo4jHDe8_14,hard
IelBo4jHDe8_9,hard
IgF8GHu8kbo_8,normal
IhDiOHMW1ZU_76,normal
IhwAx7-0j10_29,self_occluded
IiQc1STcbzs_43,self_occluded
IigVQL8dabU_23,normal
Ika1okBL8Ls_24,self_occluded
IkkXbbhJDeQ_1,self_occluded
Il5lchuOBf0_10,normal
IliGTDzYnvs_1,normal
IlkI9FJGyOA_17,normal
Inbk1jos6Tc_17,normal
Inbk1jos6Tc_18,self_occluded
Inbk1jos6Tc_49,normal
Inbk1jos6Tc_78,normal
IoWi0D9A_UE_16,self_occluded
IouD66SwIXc_73,normal
IqArWVZXHHo_29,normal
IqqkZdGjqG8_6,self_occluded
IqyG3uD6pRI_39,normal
It-B8xhkZy4_14,self_occluded
Iu829jjQ4Sc_2,normal
Iu829jjQ4Sc_28,normal
IuafWHxuIwc_46,self_occluded
Ixua4CAVVsQ_33,normal
Iy5gZmkhqH4_68,self_occluded
IznrcObY64M_130,hard
IztQvI417vA_140,normal
J-6GMYvrRRU_18,normal
J-kjBS8555o_19,normal
J2EO2x4ds-g_11,normal
J33SaF2-esU_9,self_occluded
J7V9fgXQkCA_23,normal
J7V9fgXQkCA_25,normal
J7V9fgXQkCA_30,self_occluded
JARVPdSVjz4_21,self_occluded
JBcoGkNLxwE_11,normal
JBcoGkNLxwE_15,normal
JBcoGkNLxwE_17,normal
JBcoGkNLxwE_28,self_occluded
JBcoGkNLxwE_39,normal
JJ4pIOBG8kA_18,normal
JL4qfHIMh50_12,self_occluded
JL4qfHIMh50_13,normal
JL4qfHIMh50_19,self_occluded
JLXsLSEzZ78_25,self_occluded
JLgFr_0lXL4_12,self_occluded
JLgFr_0lXL4_19,hard
JLgFr_0lXL4_24,normal
JLxuEJRy3GY_2,normal
JM1x7SsWRw4_3,normal
JNXSUXt6h1k_62,self_occluded
JNXeQpGne2U_104,normal
JPfaxkqfrPI_37,self_occluded
JPlayZlNK1o_5,normal
JQC3b8oRrNg_28,normal
JSov8D84Quw_7,normal
JThJjz9zHlA_1,normal
JV_JayRwlyM_15,self_occluded
JXmdLIDY--w_0,normal
JYL3s66-0W4_0,self_occluded
JYL3s66-0W4_50,normal
JYOX9ERp2cA_7,self_occluded
J_4NWbKHP0I_36,normal
JbDn31y59GI_23,hard
JeNjteYYlP8_61,self_occluded
Jgn1bUjvxEM_38,self_occluded
JkXZP76dX6A_32,normal
JlG5CuE40XM_4,normal
JlMYwgJjTNg_19,normal
JlMYwgJjTNg_45,normal
JlMYwgJjTNg_46,self_occluded
JlqzSTigJ4Q_21,normal
Jq5xlPjeYm4_17,hard
JqXMuY-27iI_9,normal
JqXqAYujX_E_98,normal
JqcLrDCBEPw_57,normal
JqxxG6pEyjY_30,normal
JrL0YrFCDz0_3,self_occluded
Jrv66e9MshY_14,normal
JtRcuBHfTd8_18,self_occluded
JtdfmWizX90_64,normal
JtmdBhXomg0_11,normal
JtmdBhXomg0_13,normal
JtmdBhXomg0_3,normal
Juxxl_zBpMw_129,self_occluded
K3wnq_peTHo_101,self_occluded
K8TS1Nnbc54_17,self_occluded
K99ZhbncgvE_2,normal
K9lGp6DENUE_27,hard
KBlr5BV4LWc_12,self_occluded
KBlr5BV4LWc_15,normal
KBlr5BV4LWc_16,hard
KBlr5BV4LWc_17,hard
KBlr5BV4LWc_8,self_occluded
KCqCS9A-2_E_98,self_occluded
KE_IJk7NCTk_0,normal
KFJ2aChFeic_4,normal
KGSvpgvJiPw_21,normal
KJfYPljvMfc_11,normal
KKHPa2G1Otw_0,normal
KM8fHW2KsnQ_37,normal
KMwqk7pblYU_28,normal
KNXk14QwVBg_35,normal
KNXk14QwVBg_38,self_occluded
KO2tXSraWhs_5,self_occluded
KO6gFP3oTO4_14,self_occluded
KO6gFP3oTO4_17,self_occluded
KO6gFP3oTO4_22,self_occluded
KO6gFP3oTO4_27,self_occluded
KO6gFP3oTO4_29,self_occluded
KO6gFP3oTO4_31,self_occluded
KO6gFP3oTO4_33,self_occluded
KO6gFP3oTO4_35,hard
KO6gFP3oTO4_37,hard
KO6gFP3oTO4_38,normal
KO6gFP3oTO4_41,self_occluded
KO6gFP3oTO4_43,hard
KO6gFP3oTO4_8,normal
KRDaoBJ2WI8_10,normal
KRDaoBJ2WI8_18,normal
KReQNsdMOVw_3,normal
KReQNsdMOVw_4,normal
KUhVI5AHG5c_11,normal
KUlONnXmQ-8_61,normal
KUxgjrFW2Do_2,normal
KVbsd732lGQ_15,self_occluded
KWMlJqgT0yQ_0,normal
KWqA9p2Wc74_21,self_occluded
KWz2hqjBbrg_52,normal
KX-Fs44U-k4_38,normal
KXyBpmY9Y88_0,normal
KYAlhwHKXVA_132,normal
KYB2IOXe6lM_1,normal
KYF_CobaU5Q_10,self_occluded
KYTckSn1Lxk_30,normal
KYc2hw2IqrQ_26,self_occluded
KZ21ZSxeTQo_12,self_occluded
KZKotaPfZvI_50,normal
Kbbcu2LvqcI_14,normal
Kbbcu2LvqcI_5,hard
KchVaJywFk4_28,self_occluded
KfTuANfOdZI_14,normal
Kj9pz3xNi-E_3,normal
KjKqytasArg_6,self_occluded
KjODd2idBhg_18,self_occluded
KjODd2idBhg_26,normal
KjODd2idBhg_38,normal
KjODd2idBhg_39,normal
KjODd2idBhg_4,normal
KjODd2idBhg_9,normal
Kjb_27qfGb4_26,normal
Kjb_27qfGb4_30,normal
Kjb_27qfGb4_32,self_occluded
Kjb_27qfGb4_59,normal
Kjb_27qfGb4_61,normal
Kjb_27qfGb4_84,normal
Kjb_27qfGb4_88,normal
Kjb_27qfGb4_92,normal
Kk3Mh97uPBQ_2,hard
Kk3Mh97uPBQ_20,hard
Kk3Mh97uPBQ_21,hard
Kk3Mh97uPBQ_23,self_occluded
Kk3Mh97uPBQ_9,self_occluded
KlbZwYStTD8_48,normal
KmAPH6JUEJ4_46,self_occluded
Kn9X9DbSlyQ_1,self_occluded
KqKHqTlTrLg_134,hard
KqKHqTlTrLg_54,hard
KqKHqTlTrLg_55,hard
KqKHqTlTrLg_59,hard
Kra_7sPF79M_65,normal
KstOOdRNi_M_17,self_occluded
KstOOdRNi_M_23,normal
Kv3dUy2d-B8_18,normal
Kv3dUy2d-B8_27,normal
Kv3dUy2d-B8_31,normal
Kv3dUy2d-B8_33,normal
Kv3dUy2d-B8_40,normal
Kv3dUy2d-B8_42,normal
Kv3dUy2d-B8_60,normal
Kv3dUy2d-B8_64,normal
Kv3dUy2d-B8_73,normal
Kv3dUy2d-B8_81,normal
Kv3dUy2d-B8_92,normal
Kv3dUy2d-B8_95,self_occluded
Kvg78IJt6AE_29,normal
Kvks7skq0Kg_11,normal
Ky_VcBeQJTs_52,normal
KzNVH_nx3LQ_45,hard
KzUrWSRUuaE_52,normal
L-OMJVDdITo_4,normal
L-SFJSCzOY8_15,normal
L-SFJSCzOY8_18,normal
L-SFJSCzOY8_27,normal
L-gmO1ztHXI_15,self_occluded
L-xyW27ZvS4_14,self_occluded
L0Cxt1pReMs_9,normal
L0E-vMin4UI_22,normal
L0TOrE0RhCo_144,self_occluded
L2xaRsWehQY_8,normal
L45rJ050Kqg_25,normal
L4847Xw3tyg_13,normal
L4NFsQ8dhSo_1,normal
L4OpsqnxQA4_2,hard
L4orK_3fLuA_20,normal
L5fDbzujtc4_0,normal
L9vN0iSFmPM_4,self_occluded
LADIlbAJ3kw_11,normal
LBYoP7mc7TQ_22,normal
LD7HhctsmwI_3,normal
LEqna36Pvh0_10,normal
LExU5eMbSbw_71,normal
LK7ztzIXchk_123,normal
LKETHtalil0_168,normal
LOg9V4Fb6U0_441,self_occluded
LQ3wy2hCgAo_103,self_occluded
LQKEIwOqoHU_113,self_occluded
LRQrySBoXfo_9,normal
LRUgy1nf-QM_2,normal
LTI6eWbAGjg_14,normal
LTI6eWbAGjg_35,normal
LTI6eWbAGjg_36,normal
LTI6eWbAGjg_39,self_occluded
LTvAuYfEv04_3,normal
LTy2nrRxTeo_6,normal
LTy2nrRxTeo_7,normal
LX9IWIkOEc4_2,self_occluded
LXXm6AG_My0_6,normal
LYrIOWHXyRU_53,self_occluded
LYrIOWHXyRU_60,self_occluded
LZUx_PqHf0s_13,hard
LZUx_PqHf0s_16,normal
LZUx_PqHf0s_53,normal
L_JzcaAh3og_9,normal
Lb0RpMDfxAc_10,self_occluded
LbQkxCCYoe8_40,normal
Ld38ocYs3oU_30,normal
LdDB7xXXHQM_11,self_occluded
LdDB7xXXHQM_27,self_occluded
LdDB7xXXHQM_8,self_occluded
LdtNMUZay0E_24,self_occluded
LeQBM4Mu7Q4_0,hard
LezDBYpMnLE_3,normal
Lf_IuOeDIHY_1,normal
Lidw3gwmGCE_11,hard
Lidw3gwmGCE_14,hard
Lidw3gwmGCE_5,hard
Lidw3gwmGCE_9,hard
Lj8HCa5dxVc_50,normal
LknPuJhDLAI_23,self_occluded
Lo-YF5ujfZU_18,normal
LrRaXaS55wo_65,normal
LraxQeslxEs_7,normal
Lrmlsxk3zx4_2,hard
LtedLGI75nU_7,normal
Lw_BeVSJZic_16,self_occluded
LzMGuIjrpmk_9,normal
Lzwd0RUuRd4_27,normal
M4IhrRZX-i0_3,normal
M5EXXFIYgjQ_6,normal
M6OBwEzI9I8_20,normal
M9VcGDWVebs_9,self_occluded
MB4UjqlnvqA_15,self_occluded
MC8Q2M680ow_12,self_occluded
MDHYRWWbJNg_11,self_occluded
MFEZQfR0lZA_10,self_occluded
MGIClaFoke8_59,normal
MHKNY3qorC8_83,normal
ML10CrHunYE_12,self_occluded
MMlJlUvUO3g_40,normal
MMq0fRfb0cY_17,hard
MOQGZe4JQkA_79,normal
MPl7iLqMVlc_17,normal
MPxJlbTwAfQ_13,normal
MPxJlbTwAfQ_2,normal
MS7xtGFXkug_54,normal
MS7xtGFXkug_63,normal
MU936vCApbs_32,normal
MVEIS1dw7Cs_1,normal
MVEIS1dw7Cs_33,hard
MVEIS1dw7Cs_36,normal
MYLzVpxMb4c_11,normal
MZBbvKt3Xfs_36,normal
M_sA6kY9Nbo_33,self_occluded
Mae2X8j_MFA_29,normal
MbHnwaPjSbk_36,normal
MbdRJdnX9P4_10,self_occluded
MbdRJdnX9P4_13,normal
MbdRJdnX9P4_14,normal
MbdRJdnX9P4_22,normal
MbdRJdnX9P4_9,normal
Mbdxku_9OXg_0,normal
McHfvcJ7KsA_12,self_occluded
McHfvcJ7KsA_5,hard
McIWIKFLBwg_1,normal
McIWIKFLBwg_22,normal
McIWIKFLBwg_29,hard
McIWIKFLBwg_36,hard
McIWIKFLBwg_42,hard
McIWIKFLBwg_43,hard
McIWIKFLBwg_45,hard
McIWIKFLBwg_46,hard
McIWIKFLBwg_49,hard
McIWIKFLBwg_53,hard
McIWIKFLBwg_54,hard
McIWIKFLBwg_56,hard
McIWIKFLBwg_73,self_occluded
McIWIKFLBwg_74,hard
McIWIKFLBwg_83,self_occluded
Md54TfK5gg0_87,hard
MdL37kTz_xQ_66,hard
MhIlHQ-HqRw_60,normal
MhIlHQ-HqRw_62,normal
Mhr7JWeujLw_4,normal
Mhr7JWeujLw_7,self_occluded
Mhr7JWeujLw_9,normal
MjI1jqQ5Fcg_11,normal
Ml83xf9I5ec_41,normal
Ml83xf9I5ec_43,normal
Mn4SRwwh5L0_8,self_occluded
Mn58aE-421M_1,normal
Mn58aE-421M_2,normal
Mo8Db07bgHM_35,self_occluded
MoS409kfeI0_2,self_occluded
MohRi1sJi74_16,self_occluded
Mot3C_pxS2g_44,normal
MpAecABMcfI_31,self_occluded
MpTHm7Kr5p4_51,normal
Mri_cMhB9yM_89,normal
Ms7Dfx-YRvY_8,self_occluded
MtUge3WLaeM_18,self_occluded
MuVIsr4mvmU_4,self_occluded
MxiM4gXPhL8_10,normal
My4QTT4Nyl0_8,normal
Myf3dDmGSHo_41,self_occluded
Mz1uNxY4AoE_122,self_occluded
N2JvRu20SEo_57,normal
N2vey0UEgTg_6,self_occluded
N2vey0UEgTg_9,self_occluded
N3uXapzwi9M_13,normal
N3uXapzwi9M_14,normal
N3uXapzwi9M_18,self_occluded
N3uXapzwi9M_28,hard
N5Nmnwbvzh0_3,normal
NAQvE4zOlIo_12,normal
NAQvE4zOlIo_25,self_occluded
NAQvE4zOlIo_37,normal
NBm3P7B_PuU_12,self_occluded
NBm3P7B_PuU_16,self_occluded
NBm3P7B_PuU_31,normal
NBm3P7B_PuU_35,self_occluded
NBm3P7B_PuU_40,normal
NBm3P7B_PuU_5,normal
NFjasZ9QDyE_14,normal
NGtXD50khcI_20,self_occluded
NGtXD50khcI_22,normal
NHV7Qmm5RZ4_39,self_occluded
NHV7Qmm5RZ4_50,normal
NJEVKfgCAQw_48,hard
NKIaChX1Ff4_10,self_occluded
NLHIcj_KiXc_30,self_occluded
NO0ByRPnk_c_10,hard
NPYLFkbzAzw_3,self_occluded
NTCJYemLbLg_12,self_occluded
NWXqdRkeXkw_406,self_occluded
NWdraQlQ7rI_79,self_occluded
NZmyL94bnUg_315,normal
NZq1XBAit5k_53,self_occluded
NacAbZci0i0_11,self_occluded
NafJ3JyoTKU_34,hard
NafJ3JyoTKU_52,hard
NafJ3JyoTKU_8,hard
NafJ3JyoTKU_81,hard
NafJ3JyoTKU_85,hard
Nb063ZXHsO8_3,self_occluded
NcbVVpk0RmE_34,self_occluded
NdNnVGIcnno_64,self_occluded
NdUVpC_upto_60,self_occluded
NeuhPjh3q50_29,normal
Nf14Zr57uQ4_6,normal
NfNVfPusE3c_14,self_occluded
NfNVfPusE3c_41,self_occluded
NfNVfPusE3c_74,self_occluded
Nfi7F8uvZw4_1,normal
Ng_H4QgxlvI_20,self_occluded
NgyXpYk2k9Q_46,self_occluded
NhNbziHeVpQ_22,hard
NhNbziHeVpQ_26,hard
NhNbziHeVpQ_34,hard
NkVRNS_HOKU_122,normal
Nl19PV3kmFo_39,self_occluded
NlFgipKNVR8_48,normal
NmtdOnV1JjA_10,normal
Nn-PaDUEs-w_84,normal
NnbvPeAIhmA_1,hard
NnbvPeAIhmA_11,hard
NnbvPeAIhmA_14,hard
NnbvPeAIhmA_15,hard
NnbvPeAIhmA_17,hard
NnbvPeAIhmA_19,hard
NnbvPeAIhmA_25,hard
NnbvPeAIhmA_27,hard
NnbvPeAIhmA_29,hard
NnbvPeAIhmA_33,hard
NnbvPeAIhmA_5,hard
NnbvPeAIhmA_8,hard
NnbvPeAIhmA_9,hard
Nnu9VZHHhg8_21,normal
No9c-TEz7ho_67,normal
Nr8uBXPDEs8_21,normal
Nt9hPGlOTLA_2,self_occluded
NvgMmM91mT4_18,normal
NwYdBrXhpbw_5,normal
NxuUM_HN2vE_16,hard
O0hG7e_AMgs_39,self_occluded
O0stzXpKV74_14,self_occluded
O3MP6BbtBFA_10,normal
O3MP6BbtBFA_29,normal
O4zTptiN0NU_146,self_occluded
O81WYab5WdQ_26,self_occluded
O8PytXGfwtM_12,normal
O8PytXGfwtM_19,normal
O8PytXGfwtM_21,normal
O8PytXGfwtM_24,normal
O8PytXGfwtM_26,normal
O8SY1f5zusQ_4,normal
O8u-P7L0-2M_5,normal
O9wCLGzuWz8_16,hard
OCSh8aS1_D0_1,normal
OCUhNNnmFLw_4,normal
OCwG4O-p3nI_78,normal
OFyCOpNx-LU_12,self_occluded
OFyCOpNx-LU_4,self_occluded
OFyYiRHCycY_14,normal
OGsCOmlU0qY_7,self_occluded
OIvGXZ1Y0g4_6,normal
OJJDhk-PjWk_103,self_occluded
OMS1VET9NGU_11,self_occluded
OOX1EuNTZTE_7,normal
OP3sN4Dj_po_11,self_occluded
OP3sN4Dj_po_34,self_occluded
OP4-1vv0bPE_58,normal
OQANwPs4mVM_15,self_occluded
ORv-EvjgzIc_20,normal
OTMXpbwYOOA_12,self_occluded
OT_y290MsRE_50,normal
OUt2t82KwBU_14,normal
OVEeD_SyRlc_21,self_occluded
OWoDVvYTTQ0_7,normal
OXaFYjKXlp0_6,normal
OXes9uoJVPc_9,self_occluded
OYVTkc9Jkvw_11,normal
OYwUu9n_k2U_45,normal
O_DOgoh7T_k_25,normal
O_vdQu684m4_11,normal
OcMIRgTUtTw_28,normal
Od5r2ZMO0o0_13,normal
Od5r2ZMO0o0_2,normal
OeWsD2fefj4_14,normal
OemW9feLjRA_77,self_occluded
OeoShXxjCGA_31,normal
OffcPTETmMw_38,normal
OfkD9thKkD4_66,normal
OfyqaByT-qg_22,normal
Og_X0OEVMWk_28,self_occluded
Oga3k2IPLdY_17,normal
Oi58DNgdBf0_134,self_occluded
Oiu6rI5k3oI_7,normal
Ok-HeOe69kk_1,self_occluded
Ok-HeOe69kk_10,normal
Om_42VBj_1I_11,normal
OmpqTCtMsHs_29,normal
Oo_cwnYWUNE_39,normal
OoxJt414GP8_22,self_occluded
OsAsy5QrDf8_0,normal
OuKoVF2U1gw_15,self_occluded
Ox7fz_Bc4FY_1,normal
OxWGbC_WneE_27,self_occluded
OxnnGG86Qe4_25,normal
Oy271JeJZJ4_28,hard
P-ms9IHKDqk_21,normal
P2rOoa-ZLFM_57,normal
P2sbP2aH1us_12,hard
P2sbP2aH1us_6,hard
P3vQPzeAUpo_27,self_occluded
P6B14KkN2qU_58,normal
P86n5uZeypE_39,self_occluded
P8M13Wj-rBI_127,normal
P8M13Wj-rBI_4,self_occluded
P8vWuARlfJI_32,normal
PBGWlF62scM_1,normal
PBGWlF62scM_12,normal
PD6Do06Iqrw_13,self_occluded
PDX6ZUw5soY_6,normal
PEyhPtIzMRQ_3,normal
PHJf33KTFmE_9,self_occluded
PJAWv-d109M_74,self_occluded
PJAWv-d109M_78,normal
PJ_cPpO6Ceg_58,self_occluded
PJuFoPukUrY_1,normal
PK2otBvIsPY_91,normal
PKX3S5e7F30_42,self_occluded
PKX3S5e7F30_8,self_occluded
PKfX9cBVOK0_16,self_occluded
PLCSJyLwHlc_83,self_occluded
PM8ai3XjdWA_50,normal
PM8ai3XjdWA_59,self_occluded
PMS_W7cepAY_11,self_occluded
PMSxRJ6mXsE_10,normal
PMcW9D6LF1g_10,normal
PMcW9D6LF1g_14,normal
PMcW9D6LF1g_21,normal
PMcW9D6LF1g_32,self_occluded
PMcW9D6LF1g_34,self_occluded
PMcW9D6LF1g_36,self_occluded
PMcW9D6LF1g_38,self_occluded
PMcW9D6LF1g_40,self_occluded
PMcW9D6LF1g_43,normal
PNrkyMia0Yg_31,hard
PNrkyMia0Yg_37,hard
PNrkyMia0Yg_8,hard
POJ3gjfs5xM_14,self_occluded
PQ0WFp-3OIo_10,normal
PQ83w-f968E_1,normal
PSTgwCXm8D4_15,self_occluded
PTnTQfIslLY_22,self_occluded
PW9AoZW4ucU_29,normal
PW9AoZW4ucU_3,self_occluded
PW9AoZW4ucU_58,self_occluded
PYdCawGtdA0_39,self_occluded
PbNFXAkTF_o_3,normal
PcAtXVn3Q5M_11,normal
PcAtXVn3Q5M_5,normal
Pf9yFqlPLH0_60,normal
Ph0yfF5m9TA_3,normal
PhYydh8E0ro_30,normal
PheWU61NIc0_3,hard
PjXClLDJFTY_8,normal
PjyX5dnhaMw_342,normal
Plzc7t0j7cM_39,normal
Pm4XdMqAi9M_20,hard
Poicwy-rX44_48,normal
Pp2QaYjUu9I_11,normal
PqWN-NIO8QM_11,normal
PrQoDkG91B8_16,self_occluded
PrQoDkG91B8_23,hard
Ps3cqFXDeOY_16,normal
PsEY0rCcnxw_20,self_occluded
Putk9FS7sdE_80,normal
Pwsqto7yeYU_28,normal
PxBERe3znwg_24,normal
PxiNeKkGpyk_14,hard
Q0TmywAx1aQ_15,hard
Q0TmywAx1aQ_23,self_occluded
Q0TmywAx1aQ_31,self_occluded
Q0TmywAx1aQ_8,hard
Q2H_WWpilj0_30,normal
Q47GTWC5olk_5,normal
Q47GTWC5olk_67,normal
Q5FEiUzEi5c_46,self_occluded
Q5Mj7-RFgrQ_11,self_occluded
Q5Mj7-RFgrQ_14,normal
Q7-VIWXyvQY_22,self_occluded
Q7-VIWXyvQY_52,normal
Q7-VIWXyvQY_83,self_occluded
Q8CRUrRekOQ_17,normal
Q8CRUrRekOQ_2,normal
Q8CRUrRekOQ_3,normal
Q8yG7fd1EdQ_2,hard
Q9foPPJBxxA_1,normal
QBNX1NX_g5o_44,self_occluded
QBSGuUq2D9E_24,self_occluded
QC06H2owRPs_25,normal
QCEOE7oOnxg_20,hard
QCEOE7oOnxg_25,hard
QCEOE7oOnxg_28,hard
QCEOE7oOnxg_39,hard
QCEOE7oOnxg_54,hard
QCEOE7oOnxg_56,self_occluded
QDaDpBGeysc_122,normal
QF1u0G-JELs_35,normal
QF1u0G-JELs_8,hard
QFgB5rJrpWQ_0,normal
QHN_6D2eRLE_4,normal
QHQD8jIWUYY_2,normal
QJMBza-3-kM_10,normal
QJsSN1znCwk_10,self_occluded
QKfZjzCp1UU_7,normal
QKwRPAVOin4_11,normal
QMN2P1Sv5zc_29,self_occluded
QM_SNY6Wg58_18,normal
QMvASj2sPi8_24,normal
QMvASj2sPi8_71,normal
QOAvF7LZhhM_32,self_occluded
QOKrtD87zr4_12,self_occluded
QQCh9Pxh-vc_0,hard
QQCh9Pxh-vc_49,hard
QQCh9Pxh-vc_53,hard
QQxd-Wb-Mc4_12,normal
QQxd-Wb-Mc4_13,self_occluded
QU2jgkO8ZrE_36,normal
QWFuv8DvDWI_21,self_occluded
QWFuv8DvDWI_25,self_occluded
QWlL_u5__rk_2,hard
QZ8yKbX_Rek_74,normal
QZTElZtn8ME_12,normal
QZTElZtn8ME_5,normal
Qa7quC51iGQ_18,normal
Qa7quC51iGQ_19,hard
Qa7quC51iGQ_24,hard
Qa7quC51iGQ_28,hard
Qa7quC51iGQ_34,hard
QaWxZg7anNw_40,normal
QbWyL3OLG0w_26,self_occluded
QbrPTCviaRU_4,normal
Qd31ldo64Is_13,normal
Qd31ldo64Is_15,normal
QkZOGmpOA3c_24,normal
QkZOGmpOA3c_36,normal
QkZOGmpOA3c_41,normal
QkuT2vFX694_10,hard
QkuZFZvNpzA_30,normal
Ql4O8zDJ-us_12,self_occluded
QlJYt6Plzf8_2,self_occluded
QmDhF7hrGQU_3,normal
QmDhF7hrGQU_4,self_occluded
Qmh0N0Ip01M_103,normal
QmiNFb_hREg_14,hard
QmiNFb_hREg_18,self_occluded
QnFFpkpDRjI_12,self_occluded
QnFFpkpDRjI_13,self_occluded
QnFFpkpDRjI_6,self_occluded
QnH0WptsPIY_33,normal
QpG2-8NKOWo_23,self_occluded
QpG2-8NKOWo_30,self_occluded
QpG2-8NKOWo_6,self_occluded
QpTz8w_NidY_98,normal
Qsf5V4fR23g_25,normal
Qss8317LmX0_10,normal
Qss8317LmX0_8,normal
Qss8317LmX0_9,hard
QtP1mNhLiUw_103,normal
QtP1mNhLiUw_32,normal
QtP1mNhLiUw_7,normal
QtP1mNhLiUw_91,normal
QtelVhTYHjI_2,normal
Qtpn4r5qPHw_17,normal
Qtpn4r5qPHw_18,normal
Qtpn4r5qPHw_20,normal
Quav2_eTy40_60,normal
Qv95ZUlPwFg_24,self_occluded
Qv95ZUlPwFg_54,self_occluded
Qydatk5T0PU_37,normal
QyjdqnjXSAQ_72,normal
QzPvbI9WSr4_7,self_occluded
QzPvbI9WSr4_9,self_occluded
R-mtYlOM0TM_63,normal
R00OijCHzNQ_21,normal
R12fyl3NRO4_13,normal
R4pTjcVHuKU_39,normal
R5_90aj7cLY_10,normal
R68c0O7g43w_121,self_occluded
R7dCPKant8M_3,normal
R8Q0q1yY6dY_4,normal
R9ebXcXuMhw_2,normal
RB7LBFSa82Y_19,hard
RB7LBFSa82Y_27,hard
RB7LBFSa82Y_38,hard
RBcGxeXTs_4_5,normal
RDsC5OqwOY8_12,normal
RGXAh9S6iTY_26,hard
RGfmeb1EWVo_61,normal
RGfmeb1EWVo_72,normal
RGfmeb1EWVo_73,normal
RGfmeb1EWVo_75,normal
RGfmeb1EWVo_77,self_occluded
RIpkU2kOBbU_34,self_occluded
RIpkU2kOBbU_35,hard
RLDN4R_HKM4_50,hard
RLDN4R_HKM4_6,hard
RMBjpEFN_rk_25,hard
RMBjpEFN_rk_26,self_occluded
RMBjpEFN_rk_27,hard
RMBjpEFN_rk_59,hard
RNEoHNO7u8A_10,normal
RNEoHNO7u8A_4,normal
RNEoHNO7u8A_9,self_occluded
RNQ8LrZHGIg_3,normal
RPUEXagsgbY_25,normal
RPUEXagsgbY_31,normal
RPUEXagsgbY_32,normal
RPUEXagsgbY_37,self_occluded
RQEKyM86HIc_13,normal
RQV_tE9tC6c_7,hard
RR5ehzti3ig_3,normal
RTCZr9k_VtQ_28,hard
RW316ZSWV4E_13,normal
RW316ZSWV4E_24,self_occluded
RW316ZSWV4E_35,normal
RW316ZSWV4E_38,normal
RW316ZSWV4E_51,normal
RWXfpzynfbA_17,self_occluded
RX8o7M2gyM0_53,self_occluded
RX8o7M2gyM0_81,hard
RaLHQUzQpbc_20,normal
RaLHQUzQpbc_34,normal
RadXrBLfqM8_23,self_occluded
RdW-_fU8CvU_22,normal
RdW7zQaibFQ_7,hard
ReZcRECtA_E_26,self_occluded
RfpM55kGjmA_39,normal
RfpM55kGjmA_51,hard
Rg3_IXo0yig_26,normal
RhNQj-dyIAg_33,normal
RhveV-QPd9E_46,self_occluded
Ri2VKspl92M_18,normal
RmNOHWXzMRw_56,self_occluded
RmhMCJeGdPU_29,normal
Rnb0eftCBQs_20,self_occluded
Rps2-my0Vx8_11,hard
RtDSqYeWQs0_10,hard
RtDSqYeWQs0_8,hard
RtkmTYMYz_w_12,self_occluded
RtkmTYMYz_w_5,normal
RtkmTYMYz_w_9,hard
RvjfOJXno5w_41,normal
RvjfOJXno5w_50,normal
RvjfOJXno5w_56,normal
RvjfOJXno5w_86,hard
Rw5tEDP5oHQ_14,self_occluded
Rwsj5HuVWlo_14,self_occluded
RzjXYMfKeQY_10,self_occluded
S-J3jhfYosc_0,normal
S-J3jhfYosc_34,normal
S-K3NihIQIc_12,self_occluded
S2H53Nq20ro_20,hard
S2HkkAnwC6s_3,normal
S3h9BFYLzPs_17,self_occluded
S7R5kwOsgbY_11,self_occluded
SDbdWJH-La4_25,hard
SDbdWJH-La4_26,hard
SEvW76f3RlI_10,self_occluded
SEvW76f3RlI_8,self_occluded
SF-VxQkPnQ0_12,hard
SF-VxQkPnQ0_21,self_occluded
SF-VxQkPnQ0_23,hard
SF-VxQkPnQ0_24,hard
SF-VxQkPnQ0_25,hard
SF-VxQkPnQ0_26,hard
SF-VxQkPnQ0_30,hard
SF-VxQkPnQ0_39,self_occluded
SF-VxQkPnQ0_9,hard
SHk__VCO9wc_19,self_occluded
SJoUaGlfpFk_44,normal
SJr4Z5mbmEE_13,self_occluded
SKtUg6PJJbQ_17,self_occluded
SNNWK_StAZA_10,normal
SNNWK_StAZA_23,normal
SNNWK_StAZA_41,self_occluded
SNNWK_StAZA_52,self_occluded
SOTaDcf8h6E_17,self_occluded
SOTaDcf8h6E_71,hard
SOqPTc34FlA_10,normal
SOqPTc34FlA_3,normal
SOqPTc34FlA_6,hard
SOqPTc34FlA_8,hard
SOqzR1M57Pk_33,self_occluded
SPSKGFbs1aQ_67,self_occluded
SRtn60_nlJ8_20,normal
SUpSrDOdgY4_38,self_occluded
SUpSrDOdgY4_58,normal
SUpSrDOdgY4_67,self_occluded
SVZ_vKVieK8_4,self_occluded
SXTpfcdX2CE_62,normal
SYB_ikJZ_eg_19,normal
SYRafNgZXRg_42,normal
SZl0vaj9DRk_62,self_occluded
SZln2UJeK94_10,normal
SZln2UJeK94_103,normal
SZln2UJeK94_13,hard
SZln2UJeK94_31,normal
SZln2UJeK94_36,normal
SZln2UJeK94_39,normal
SZln2UJeK94_40,self_occluded
SZln2UJeK94_50,normal
SZln2UJeK94_58,normal
SZln2UJeK94_70,self_occluded
SZln2UJeK94_95,normal
SbF0xaskuwk_49,self_occluded
SccikjfsE1Y_6,normal
SdQrk_0G0Fw_163,normal
SezI_lH5Ri4_95,self_occluded
Sf2iHhUIKlk_44,normal
SgHSf3Sx3mw_4,normal
SiDAMYKfzM4_24,self_occluded
Sj4yLtB0LQg_17,self_occluded
SkSq3Cn0gSs_24,normal
So3oAnZOU64_39,self_occluded
SstOZuAZWwM_30,normal
SstzpZVfjB0_23,self_occluded
Su7VN_s56lU_9,normal
SuXh18jS5r4_21,self_occluded
SwcbYcLQZ4M_0,normal
Sx1iQGrOGAI_277,self_occluded
T-DyNVj1k-I_1,normal
T-DyNVj1k-I_2,normal
T-DyNVj1k-I_3,normal
T0I1Jj9wP-w_33,normal
T0OTG20e2k0_1,normal
T0e7UNT8FnU_35,hard
T0e7UNT8FnU_49,normal
T10hNRMy9UQ_5,self_occluded
T10hNRMy9UQ_6,self_occluded
T1YtgsamLHY_10,hard
T1YtgsamLHY_8,hard
T2KEd8KDG5A_16,self_occluded
T2KEd8KDG5A_22,normal
T2KEd8KDG5A_25,self_occluded
T2KEd8KDG5A_36,self_occluded
T9GZ7zhlKho_17,normal
T9h91IyOHYI_4,self_occluded
T9hjHN8o4jQ_25,hard
TBPXXZboZQg_12,hard
TC-fdCtGN6k_287,normal
TC-fdCtGN6k_298,normal
TC1xuYSST-c_34,self_occluded
TC1xuYSST-c_7,normal
TDr_Mao0wq0_22,normal
TDr_Mao0wq0_26,normal
TDr_Mao0wq0_44,normal
TDr_Mao0wq0_49,normal
TErIzEsG6a4_17,normal
TErIzEsG6a4_22,normal
TErIzEsG6a4_24,normal
TErIzEsG6a4_31,normal
TErIzEsG6a4_33,normal
TErIzEsG6a4_5,normal
TF8BzbSMgl8_23,hard
TGa-LqJqorc_19,self_occluded
TJGJG3KkX1I_13,self_occluded
TJGJG3KkX1I_20,self_occluded
TJGJG3KkX1I_29,self_occluded
TJhVAxhyPcE_1,normal
TLQRXPhOrgU_51,hard
TMw-9JNTTUM_21,self_occluded
TQZfixwZgkc_0,self_occluded
TRJLlSwsqMM_5,self_occluded
TRJLlSwsqMM_6,self_occluded
TRL7bliPTzM_14,hard
TSBE8y4Nutk_14,hard
TSBE8y4Nutk_16,normal
TSBE8y4Nutk_18,self_occluded
TSBE8y4Nutk_19,self_occluded
TSBE8y4Nutk_22,self_occluded
TSBE8y4Nutk_28,hard
TSBE8y4Nutk_29,hard
TSBE8y4Nutk_30,hard
TSBE8y4Nutk_31,hard
TSBE8y4Nutk_7,hard
TSBE8y4Nutk_9,hard
TTS7SF6ILLQ_12,self_occluded
TTf94BRSuq0_12,normal
TTf94BRSuq0_17,normal
TTf94BRSuq0_19,self_occluded
TTf94BRSuq0_5,normal
TXORD5qgVHM_1,self_occluded
TXuegp1CGi0_12,normal
TYlYgF5n9R8_48,normal
TYlYgF5n9R8_66,self_occluded
TZikDiAqhz0_37,normal
T_AZqijd7lI_50,normal
T_ggWmYjGLw_17,normal
T_ggWmYjGLw_2,normal
TalWtHYGVkM_11,hard
TalWtHYGVkM_13,hard
TalWtHYGVkM_19,hard
TalWtHYGVkM_23,self_occluded
TalWtHYGVkM_28,self_occluded
TalWtHYGVkM_29,hard
TalWtHYGVkM_31,hard
TalWtHYGVkM_44,hard
Tf5yVaQfKnk_11,hard
Tf5yVaQfKnk_17,self_occluded
Tf5yVaQfKnk_2,self_occluded
Tf5yVaQfKnk_20,hard
Tf5yVaQfKnk_6,hard
TfbnsR0i45Q_16,self_occluded
TfbnsR0i45Q_17,self_occluded
TfbnsR0i45Q_9,self_occluded
Tp3Xd39iYtU_115,self_occluded
TqEAO24YiLs_38,self_occluded
Tqcxazub_IQ_68,normal
TqnTomCr_6Y_20,hard
TqnzPFU2Lu0_3,normal
TqnzPFU2Lu0_5,self_occluded
TrEdrHcG3es_3,self_occluded
TrLJaaoD75A_12,normal
Tub5vWLKB1o_88,normal
TucIaT0nX48_41,normal
TwH9wKbz27o_10,hard
TwH9wKbz27o_14,self_occluded
TwH9wKbz27o_28,hard
TwH9wKbz27o_6,hard
TwH9wKbz27o_7,self_occluded
TwH9wKbz27o_9,self_occluded
TzcP8Ainox0_11,self_occluded
U-F8aG4fX40_47,normal
U-qXzYkUEFY_1,normal
U-qt4nxeY8Y_9,hard
U1Ltw3TJA-g_4,hard
U1ZafeMlUMU_43,hard
U1gqBgSqvjU_48,self_occluded
U1sAZs2MUBs_4,normal
U2CqZNd6rgM_13,self_occluded
U497TxhQUJ4_17,normal
U4gvG7sTmkE_3,self_occluded
U9-FoF0_nnY_70,self_occluded
UAN8Qxi93wk_14,normal
UAN8Qxi93wk_4,normal
UAN8Qxi93wk_45,normal
UAYuCV3lIko_62,normal
UEmlTd-TUC0_4,normal
UEmlTd-TUC0_9,hard
UFl3LqkPh1c_112,normal
UFneyi-v_GQ_46,self_occluded
UFuVaKEQvMY_113,hard
UFuVaKEQvMY_114,self_occluded
UFuVaKEQvMY_119,hard
UFuVaKEQvMY_129,hard
UFuVaKEQvMY_132,hard
UFuVaKEQvMY_15,normal
UFuVaKEQvMY_21,normal
UFuVaKEQvMY_36,hard
UFuVaKEQvMY_37,hard
UFuVaKEQvMY_82,normal
UFuVaKEQvMY_87,normal
UFuVaKEQvMY_93,normal
UGMiX87EfN4_12,normal
UGMiX87EfN4_8,self_occluded
UMmHxR9Byzk_31,self_occluded
UPqDLG4xYHM_9,normal
UQ4z9tTPHUg_12,normal
UQ4z9tTPHUg_16,hard
UQ4z9tTPHUg_3,self_occluded
UTeXhzZ6aPs_18,hard
UTeXhzZ6aPs_5,self_occluded
UTeXhzZ6aPs_9,self_occluded
UUx9NzzTz-0_28,self_occluded
UWcQDb6Z-DU_147,normal
UZ5mSzk_anI_22,normal
UZ5mSzk_anI_36,self_occluded
UZ5mSzk_anI_40,normal
UZ5mSzk_anI_42,normal
UZ5mSzk_anI_43,normal
UZ5mSzk_anI_54,normal
UZ5mSzk_anI_55,self_occluded
UZ5mSzk_anI_66,normal
U_D6RQOiIlE_57,self_occluded
UaLJU7GC4c0_5,normal
UbPotD48gGQ_2,normal
UbPotD48gGQ_3,normal
UcVOKs0RFJc_46,normal
UdEokS0oA7Q_22,self_occluded
UgVnOUiuoKQ_5,hard
UgrjZObkqYo_47,self_occluded
UjuUUJ0pEYM_6,normal
Ul6W5yiRplY_1,normal
UnYZonQKHAI_14,normal
Uorf5oKcnS8_12,self_occluded
Uorf5oKcnS8_28,normal
Uorf5oKcnS8_30,normal
Uorf5oKcnS8_31,normal
Uorf5oKcnS8_34,self_occluded
Urn6gvxii_4_37,self_occluded
Ut6AN-lQoh8_1,normal
UtZp0EYr-8w_5,normal
Uxzybq_6t8g_11,normal
Uxzybq_6t8g_20,normal
Uxzybq_6t8g_22,normal
Uxzybq_6t8g_9,hard
UzE6PgSGkTA_13,self_occluded
V-woPcr04DM_40,hard
V0m7G_HJD10_17,normal
V18qFcJxxYQ_50,normal
V2QxmHFbfyI_12,hard
V2_wRu6hJa8_25,normal
V2o9j6_e1r4_12,normal
V3rnsx-bH1A_102,normal
V3rnsx-bH1A_138,normal
V3rnsx-bH1A_68,normal
V46HG9kF0Bg_3,normal
V4cMu6T2x8Q_29,normal
V7UjeyopDpg_47,normal
V8ZZslDAeno_22,hard
V8uy3lKUdfg_65,normal
V94oNN5qCYU_39,normal
V94oNN5qCYU_43,normal
V94oNN5qCYU_5,normal
V94oNN5qCYU_52,normal
V94oNN5qCYU_8,self_occluded
V99V2sepPQ8_120,normal
V9MfRv5Jzos_22,normal
V9MfRv5Jzos_25,normal
V9kfWYp7Z4I_30,self_occluded
VA0fl27SbW4_19,normal
VA0fl27SbW4_8,self_occluded
VBejIOKRMcw_29,normal
VD8lO-7BZA4_57,normal
VDnXGZqwgvw_105,normal
VFwSAHk-EhY_69,self_occluded
VGdOMOItjkI_21,normal
VGdOMOItjkI_30,self_occluded
VGqR1TJ2jnM_7,normal
VITZ-Oyy9Os_29,self_occluded
VJhGIrqKs1k_2,normal
VKfNA_jA4HE_27,self_occluded
VKfNA_jA4HE_29,self_occluded
VLVcBe-FC-A_29,hard
VLZ0ed0KnXQ_7,normal
VMinEdEjPBQ_2,normal
VNhR35SBwcM_0,normal
VNsrTjl4J88_122,self_occluded
VO3UyhPjbiE_64,normal
VSMuCyjQlZI_48,normal
VTmnFCvqrwg_22,normal
VUp-gK6i8lA_52,self_occluded
VWNEg6xlfpg_8,normal
VY3OIE_k9N4_18,normal
VY3OIE_k9N4_7,normal
VZ3QUj9yluI_20,hard
VZhV4zXy2Dw_18,self_occluded
VZzkLJVZepo_11,normal
VZzkLJVZepo_22,normal
VZzkLJVZepo_36,hard
VZzkLJVZepo_38,self_occluded
VZzkLJVZepo_39,hard
VZzkLJVZepo_42,hard
VZzkLJVZepo_43,hard
VZzkLJVZepo_44,hard
VZzkLJVZepo_6,normal
Va-OIF1C2Yk_0,normal
Vbw9SqrBRRE_41,normal
VdiYz2SIXm8_7,normal
VfRfYc91DkA_3,normal
VfdiP10-dVA_9,normal
Vg9417TP3EU_76,hard
VgxS6TL2n6E_58,normal
VhXsAWZXF-Q_107,normal
VhXsAWZXF-Q_153,normal
VhXsAWZXF-Q_23,normal
VhXsAWZXF-Q_57,normal
Vhkadyid3KA_26,normal
Vizg3_-_GOk_86,normal
VjxVryY8F6I_34,hard
VjxVryY8F6I_48,hard
VjxVryY8F6I_51,self_occluded
VjxVryY8F6I_62,hard
VjxVryY8F6I_77,hard
VjxVryY8F6I_82,hard
VjxVryY8F6I_88,self_occluded
VjxVryY8F6I_95,hard
VkxcjA45LR0_4,self_occluded
VkxcjA45LR0_5,self_occluded
VmzMNTehIHw_36,normal
VnEb2hkcTC8_321,normal
VnGAiVnSkWM_13,self_occluded
VpzZyDK5XGU_6,normal
VrEnTfXAdt4_17,normal
VrEnTfXAdt4_48,normal
VrEnTfXAdt4_70,hard
VuiYKUnanm0_103,self_occluded
VxvBrrnssoY_6,normal
VyUl9CRY7Rk_25,normal
VyUl9CRY7Rk_41,self_occluded
W0Wi6syULRw_45,normal
W18FDEA1jRQ_2,normal
W18FDEA1jRQ_37,normal
W18FDEA1jRQ_46,normal
W18FDEA1jRQ_64,normal
W1bFpADX3no_112,self_occluded
W2LDONzCNHM_5,normal
W2LDONzCNHM_7,normal
W2Xu2m9kBww_25,self_occluded
W2cMd48KpnU_20,self_occluded
W3Clxknrc7I_0,normal
W3L8WD03mzU_14,self_occluded
W3OSbvKpZ7M_10,normal
W3OSbvKpZ7M_2,normal
W3OSbvKpZ7M_4,normal
W3rLG7nnpEU_1,self_occluded
W3v17Tlqfgo_48,normal
W6qYYkcLeqs_10,self_occluded
W6uh7KzmqjA_39,self_occluded
W7AVkdlM4qk_62,self_occluded
W9xPUktLgQc_23,normal
WA6BmVP2ULo_3,normal
WAK5MOBAT78_7,normal
WALrhKkMciU_477,normal
WAy1GhlsUGA_61,normal
WDfnM9abXDY_14,self_occluded
WDfnM9abXDY_21,normal
WDfnM9abXDY_24,normal
WDfnM9abXDY_26,normal
WDfnM9abXDY_28,normal
WDfnM9abXDY_30,self_occluded
WDfnM9abXDY_5,self_occluded
WDfnM9abXDY_8,self_occluded
WDfnM9abXDY_9,normal
WEhOd8JGNCY_11,normal
WFVIqylRhGI_82,normal
WFhUC_JOh1w_111,self_occluded
WFhUC_JOh1w_34,hard
WFhUC_JOh1w_55,self_occluded
WFmYFGY6A7A_46,hard
WFwakcZk6Gc_9,self_occluded
WGJQU11ZAG8_24,self_occluded
WGJQU11ZAG8_76,hard
WHPEHHLxXbc_28,normal
WI-grbTpWV8_3,normal
WJZXIdX-uwo_6,self_occluded
WK_uIotJoi8_37,self_occluded
WK_uIotJoi8_39,self_occluded
WLWqk-sVc-0_20,self_occluded
WLWqk-sVc-0_34,normal
WMFJgs08iAw_97,self_occluded
WNUJxA0PQNU_11,normal
WNUJxA0PQNU_7,self_occluded
WOV5jUwY7uU_9,normal
WOZnxc8jlbA_8,normal
WOmOyHEfuGM_1,normal
WQ0nP7bx19M_0,normal
WS5ibJs875c_10,hard
WS5ibJs875c_13,hard
WS5ibJs875c_26,normal
WVGx7BmiUrc_12,normal
WVhomEh4CB4_26,normal
WWv5-UDJAXI_3,hard
WWv5-UDJAXI_7,self_occluded
WWv5-UDJAXI_8,hard
WXCwOLhNESM_6,self_occluded
WXCwOLhNESM_8,self_occluded
W_Gfi5lRhNQ_18,hard
W_c0-4pC57E_3,hard
W_uisZwTTIk_9,self_occluded
Wa09hIvogSo_4,normal
Wa7zqXGEU54_44,normal
WbLVQU8GZtw_3,normal
WbizjMOqeB4_44,normal
WdRbj_HMoKQ_28,normal
WgxD9MNUMCg_55,normal
WkOr5_uU5gI_26,self_occluded
WkOr5_uU5gI_41,normal
WkOr5_uU5gI_9,normal
WlXn9PF33Kk_9,normal
WpNJgbhJYkg_18,self_occluded
WpNJgbhJYkg_20,self_occluded
WpNJgbhJYkg_21,self_occluded
WqOwz1zQiUo_35,normal
Wtbl_rn2sB4_16,normal
WtgrUwkAy8E_28,self_occluded
WuKmEj95uhE_10,normal
WuKmEj95uhE_31,normal
WuKmEj95uhE_4,normal
Wunnt8k0Xmk_27,self_occluded
Wunnt8k0Xmk_5,normal
WvnDS63XdJQ_4,self_occluded
WxOhrauzNE4_21,self_occluded
WyHD0vfgrLg_39,self_occluded
WyjrG0m6uko_2,self_occluded
Wzd-QS6wGao_21,hard
Wzd-QS6wGao_38,hard
Wzd-QS6wGao_50,hard
WzwE_B-CYX0_4,hard
X4DE4TGb1Sk_6,normal
X4UoLuf35_8_13,hard
X4UoLuf35_8_16,hard
X4UoLuf35_8_18,hard
X4UoLuf35_8_21,hard
X4UoLuf35_8_22,hard
X4UoLuf35_8_26,hard
X4UoLuf35_8_32,hard
X4UoLuf35_8_36,self_occluded
X4UoLuf35_8_37,hard
X4UoLuf35_8_38,self_occluded
X4UoLuf35_8_41,hard
X4UoLuf35_8_42,hard
X4UoLuf35_8_43,hard
X4UoLuf35_8_45,hard
X4UoLuf35_8_48,hard
X4UoLuf35_8_51,hard
X4UoLuf35_8_52,hard
X4UoLuf35_8_53,self_occluded
X7eBSyMOLfo_164,self_occluded
X7ssvc6wpu8_15,normal
X7ssvc6wpu8_18,normal
X7ssvc6wpu8_21,normal
XB-DPLHJPDQ_37,normal
XC1wakHPJts_11,normal
XC1wakHPJts_2,normal
XCBJrFHDk0g_1,normal
XCBJrFHDk0g_6,normal
XDT_QdglPaQ_36,normal
XDXvR_QI72w_22,hard
XEeTNsVjidI_3,normal
XFRBhnvTwTg_8,normal
XK72-kV2u0o_52,normal
XMj8jXGmn5I_1,self_occluded
XMj8jXGmn5I_13,normal
XMj8jXGmn5I_14,normal
XMj8jXGmn5I_2,normal
XMj8jXGmn5I_23,normal
XMj8jXGmn5I_26,normal
XMj8jXGmn5I_28,normal
XMj8jXGmn5I_3,normal
XMj8jXGmn5I_31,normal
XMj8jXGmn5I_34,normal
XMj8jXGmn5I_36,normal
XPIgR89jv3Q_0,normal
XQS2Jv_hRoc_34,normal
XQnM_Dcpk9w_4,normal
XRb-6YRKy-U_15,self_occluded
XRb-6YRKy-U_6,normal
XS4B7ae274Q_29,hard
XTshu2jW8pM_1,normal
XWpmjfCgPaY_5,self_occluded
XY0xGJW-u1Y_45,hard
XZlOswY1hO0_65,normal
XZmXFzW9big_1,normal
X_jx88cu-yI_32,normal
Xa36cY0XeQE_21,normal
Xaf1EjfgrfU_10,hard
Xdb1inqIX-A_144,normal
Xdb1inqIX-A_148,normal
Xdb1inqIX-A_149,normal
Xdb1inqIX-A_84,self_occluded
Xdn4-pqGD6A_26,self_occluded
XfO54C3lrRQ_10,hard
XfO54C3lrRQ_14,self_occluded
XfO54C3lrRQ_2,self_occluded
XfO54C3lrRQ_20,hard
XfO54C3lrRQ_30,hard
XfO54C3lrRQ_34,self_occluded
XfO54C3lrRQ_41,hard
XfZB9dMD87E_15,self_occluded
XgAp7Dp862o_44,normal
XgVUMB2RbQA_31,normal
XivmYQ5eDBk_138,normal
XivmYQ5eDBk_20,normal
Xlc3IOy69nI_89,normal
XmLcLe5QNzM_5,normal
XmcuIrwFGso_97,self_occluded
Xn9CWTlD_Yg_9,normal
Xo84nI2ax24_40,normal
XodnBcnDr6c_23,normal
XodnBcnDr6c_30,self_occluded
Xoo_hnlKj-s_77,self_occluded
Xp6aFBa0qeI_38,normal
Xpip8nb0Kuo_45,self_occluded
XsHcZLf3AW0_20,self_occluded
XvXxfweJc5Y_54,normal
Xw6CJzhopVM_11,normal
XwoIxaPKoZ8_3,normal
Xzwt8NmFwH0_17,normal
Y1cNWIVZG4g_5,self_occluded
Y2-b-NMU-HM_73,hard
Y2-b-NMU-HM_74,normal
Y7OBstR_Czo_27,normal
Y7l52QLXQ7g_0,normal
Y8JN2f1VgAg_92,normal
YAhj98cNAb0_42,normal
YBJj0-rYoBg_0,normal
YDaxpWl4DuE_10,normal
YDaxpWl4DuE_11,normal
YE27SgMEXHo_24,self_occluded
YERgiC_br1Q_21,self_occluded
YERgiC_br1Q_23,normal
YEb2eFAbLhw_42,normal
YEraPy6Tfew_78,normal
YEzy5luaodI_226,normal
YEzy5luaodI_282,normal
YFFK5yl37rg_3,normal
YFGIEA7Bbbs_6,hard
YI8vBx967GI_3,normal
YJazJy-oxK0_11,normal
YJswrmlj_hw_45,normal
YKtTG03qofM_11,self_occluded
YKtTG03qofM_13,hard
YKtTG03qofM_19,self_occluded
YKtTG03qofM_21,hard
YKtTG03qofM_25,hard
YKtTG03qofM_26,hard
YKtTG03qofM_33,normal
YKtTG03qofM_39,self_occluded
YKtTG03qofM_45,hard
YKtTG03qofM_47,hard
YKtTG03qofM_49,hard
YKtTG03qofM_5,normal
YKtTG03qofM_55,hard
YKtTG03qofM_61,hard
YKtTG03qofM_67,hard
YKtTG03qofM_77,hard
YKtTG03qofM_80,hard
YKtTG03qofM_89,hard
YKtTG03qofM_94,hard
YKtTG03qofM_96,hard
YM2Je5L0CMQ_8,hard
YMlGDdJ3Nzs_39,normal
YMrjbqZMAyY_17,self_occluded
YOLMrUt754Y_12,normal
YOLMrUt754Y_14,normal
YOLMrUt754Y_17,hard
YOLMrUt754Y_24,hard
YOLMrUt754Y_37,self_occluded
YQsDtHGrtz0_14,normal
YSsSctnzsHs_108,self_occluded
YTMMB5cIiQk_158,normal
YYJ_M0vbHNk_41,self_occluded
YZX1Xf59bgQ_3,hard
YZX1Xf59bgQ_31,hard
Y_4Dz9WWCp8_1,normal
Ya84lIVwEps_2,hard
YaKAkSXpvEA_37,normal
Ybi-y09Fsyg_12,normal
Yeyu8TCQMXo_0,normal
YfNYm2j4GIM_72,normal
Yigk4vZH_tM_16,self_occluded
Yigk4vZH_tM_18,hard
Yigk4vZH_tM_48,hard
Yigk4vZH_tM_56,hard
Yigk4vZH_tM_58,hard
Yigk4vZH_tM_59,self_occluded
Yjq-3Ev2emY_11,self_occluded
Yl0yc7LwWrk_17,self_occluded
Yl0yc7LwWrk_46,normal
Yo4JMwop1CU_4,normal
Yo4JMwop1CU_8,self_occluded
YomI7F-gcR8_19,normal
Ypxm1cJf1tg_44,normal
Ys2j7l1jXL0_17,normal
YvAARU6zxPA_2,normal
YwTfyLEwZug_14,self_occluded
Z-mlnxbDuWA_54,self_occluded
Z0ID1DDb3_A_37,normal
Z4MxAm9M_VQ_7,normal
Z8XWBsN0Zbw_30,normal
Z954x4q8unM_8,self_occluded
ZAz3jyvVkpI_81,normal
ZB8jtSNe7C0_3,normal
ZEgSBq_F8-A_21,hard
ZEgSBq_F8-A_28,hard
ZEidylqyFMM_19,self_occluded
ZEysHm4ng5o_4,self_occluded
ZFw3Rae0qVY_12,self_occluded
ZGI6iMkacos_100,normal
ZH6lK_9yQXI_12,normal
ZKFy0l56naE_32,hard
ZKmokqvON1s_58,self_occluded
ZKq93LJFnuo_12,self_occluded
ZMN2Bs_Cr1A_39,self_occluded
ZN7c_nHsg9I_38,normal
ZPzCQLksHbU_20,self_occluded
ZPzCQLksHbU_7,self_occluded
ZSL7aINWSi0_5,self_occluded
ZTFAowVysU8_0,normal
ZU7vDFnZ9d8_205,normal
ZVPfleUDNrE_143,normal
ZVPfleUDNrE_149,normal
ZVPfleUDNrE_179,normal
ZVPfleUDNrE_184,normal
ZVPfleUDNrE_221,normal
ZVef1-K_qAI_25,self_occluded
ZVef1-K_qAI_6,self_occluded
ZZ7kHguEUPs_4,normal
Zd1unCdI7R4_13,self_occluded
ZmJcQQN0Hgg_198,normal
ZmJcQQN0Hgg_202,normal
ZmkJFcb7LoA_5,normal
ZrP2LBTS1cM_84,self_occluded
ZskN6JxBrUw_4,normal
ZtC3tvv3CDo_4,normal
ZtnWJNkOy5w_12,normal
ZwHyk-C-pQE_4,normal
Zz_rCdgJ8Is_2,self_occluded
Zz_rCdgJ8Is_3,self_occluded
_-GzGgOON_E_11,self_occluded
_-GzGgOON_E_18,normal
_-Qm-kHbpWA_85,normal
_58cjEq9D6w_13,normal
_5Aa5KqFnos_41,normal
_5vLKU7XXXk_23,normal
_5vLKU7XXXk_25,normal
_7ui0Pd8Bd0_44,normal
_CYPsL2Ly_k_13,normal
_FHsQNpgcj0_79,self_occluded
_I6gqTNp-rU_16,normal
_I750U19qD8_76,normal
_Jb44w6jbwA_22,self_occluded
_JiOQKGtU3Y_5,self_occluded
_MmClKD3YGE_57,self_occluded
_PsP1kpv_9I_14,hard
_PsP1kpv_9I_8,hard
_Q10tann_co_14,normal
_QiVacUy7n4_19,normal
_SGc56nSmqs_92,self_occluded
_UXQQYHfGQo_72,normal
_ZiTxuItHIQ_27,normal
_a2uE8-i_tE_38,normal
_a2uE8-i_tE_7,normal
_aoGDNPjg8M_16,normal
_bETYq93_oU_23,normal
_bGqtdU5HBs_11,normal
_bGqtdU5HBs_19,normal
_bGqtdU5HBs_2,normal
_bkmBf5JspI_10,hard
_bkmBf5JspI_12,hard
_bkmBf5JspI_16,hard
_bkmBf5JspI_27,hard
_dFerImymJk_10,self_occluded
_dH3aJCvK0Y_38,normal
_ik979sFxT4_2,normal
_jEnasxtONY_8,normal
_jTqNfLmtHk_31,normal
_kI85WS2-x0_6,normal
_kf1qgLwUPw_14,normal
_m73i9-g2JE_14,self_occluded
_m73i9-g2JE_31,self_occluded
_m73i9-g2JE_4,self_occluded
_pBWLqdgZEM_50,normal
_r4VFjDcto4_76,normal
_r_z7DUpjH8_26,hard
_r_z7DUpjH8_35,self_occluded
_rf5IKRm8Pw_20,normal
_san2RL2e7I_136,normal
_uih6Pd3WU4_5,self_occluded
_vHCCk7Fknc_1,self_occluded
_vHCCk7Fknc_17,self_occluded
_wcfyOGuQ-U_101,hard
_wcfyOGuQ-U_38,hard
_xhdO9u2aLM_1,normal
_zvn3FueCt0_1,hard
_zvn3FueCt0_11,self_occluded
_zvn3FueCt0_17,self_occluded
_zvn3FueCt0_4,self_occluded
_zvn3FueCt0_7,hard
_zvn3FueCt0_8,self_occluded
a--yo4FDu2E_13,self_occluded
a--yo4FDu2E_8,normal
a--yo4FDu2E_9,normal
a-630AtQ_SA_12,hard
a-euR2Bi04o_18,normal
a0azRlaQR7o_17,normal
a0azRlaQR7o_27,normal
a0azRlaQR7o_56,hard
a0azRlaQR7o_62,normal
a0azRlaQR7o_65,normal
a2t_-xfcHtw_105,normal
a2t_-xfcHtw_96,self_occluded
a3aop3tihZo_7,normal
a4WLqjo-AUI_49,normal
a4yYit9vP0U_53,normal
a7_OvG1hmjg_14,hard
a7b3a7BEsz0_4,normal
a7b3a7BEsz0_6,normal
a7b3a7BEsz0_9,self_occluded
a8D6irZIeqo_0,normal
aA98dqgJBgQ_1,normal
aBCqfy3W_B4_25,self_occluded
aC5X6IX9Zsg_26,normal
aENfevT4wco_7,self_occluded
aFUObUmWAso_85,normal
aFxNTlO5Vl0_20,hard
aFxNTlO5Vl0_48,hard
aFxNTlO5Vl0_49,hard
aFxNTlO5Vl0_54,self_occluded
aGd_Mmsx6DY_57,self_occluded
aHA3UnEEVLU_14,hard
aHA3UnEEVLU_15,normal
aHA3UnEEVLU_32,self_occluded
aHA3UnEEVLU_40,self_occluded
aHA3UnEEVLU_52,normal
aHA3UnEEVLU_62,hard
aHA3UnEEVLU_67,self_occluded
aJwWT54fvmQ_15,self_occluded
aJwWT54fvmQ_16,self_occluded
aJwWT54fvmQ_22,self_occluded
aJwWT54fvmQ_23,normal
aJwWT54fvmQ_25,self_occluded
aKau5nYWA00_54,normal
aKau5nYWA00_56,self_occluded
aNMcXVy7I8M_12,self_occluded
aNMcXVy7I8M_14,hard
aNMcXVy7I8M_15,self_occluded
aNMcXVy7I8M_27,hard
aNMcXVy7I8M_30,self_occluded
aNMcXVy7I8M_32,self_occluded
aNMcXVy7I8M_5,normal
aNMcXVy7I8M_7,normal
aNMcXVy7I8M_8,self_occluded
aNMcXVy7I8M_9,self_occluded
aNX_LPia8-k_61,normal
aPA3ONyWK6I_23,self_occluded
aQINMsS6Dpg_15,self_occluded
aQINMsS6Dpg_24,self_occluded
aQINMsS6Dpg_29,self_occluded
aQINMsS6Dpg_30,self_occluded
aQhkZyyjVKc_52,self_occluded
aRRr2sRV0OQ_16,hard
aRxwUiotGpA_31,self_occluded
aS7vFmALrn8_20,normal
aSnwXh_rn34_52,self_occluded
aThIWLswAQg_29,self_occluded
aU-rQddbIPg_20,hard
aUIJ-ZgdDOk_28,normal
aUIJ-ZgdDOk_50,normal
aYoJRtaGTSU_104,hard
aYoJRtaGTSU_141,hard
aYoJRtaGTSU_148,hard
aYoJRtaGTSU_151,hard
aYoJRtaGTSU_153,hard
aYoJRtaGTSU_22,normal
aYoJRtaGTSU_29,normal
aYoJRtaGTSU_41,normal
aYoJRtaGTSU_45,normal
aYoJRtaGTSU_50,normal
aYoJRtaGTSU_52,hard
aYoJRtaGTSU_60,hard
aYoJRtaGTSU_63,hard
aYoJRtaGTSU_76,hard
aYoJRtaGTSU_93,self_occluded
aYoJRtaGTSU_97,hard
a_AA3MKLrKQ_5,normal
a_yLYC3_9A4_3,normal
aafcPCw-Z0M_29,self_occluded
abVAgEye9VI_16,normal
acpWvCEO0TQ_22,self_occluded
acpWvCEO0TQ_25,self_occluded
aic-msaTmuc_2,normal
aic-msaTmuc_49,normal
aic-msaTmuc_54,normal
anV6aeJxRYo_10,normal
aq91Ht9c66E_13,normal
arH0j4VO3Bc_41,normal
arH0j4VO3Bc_63,self_occluded
arHwdd2TN78_12,self_occluded
arHwdd2TN78_26,normal
arHwdd2TN78_48,self_occluded
asPrwStCGHE_30,normal
awhGqQyqsHY_29,self_occluded
axP552ucyGc_50,normal
axP552ucyGc_65,normal
axQ2GoNMqDI_0,self_occluded
axozNBwPYvs_17,hard
ayW26zK-YKo_59,self_occluded
azwsXltXGAc_28,self_occluded
b-9xVX55ugs_40,self_occluded
b-l_4-pzRFI_14,self_occluded
b0GrzVkOgSw_1,normal
b26j-G-BXio_19,self_occluded
b2PGPBKVZns_15,normal
b2YS2J9TQE8_5,normal
b3gFFLdG_Is_10,hard
b3gFFLdG_Is_13,hard
b3gFFLdG_Is_6,self_occluded
b57ryfs1TiY_2,normal
b8Zl1u7-aFE_28,self_occluded
b8cjSS6uSKk_33,self_occluded
b8qqNjp9sSo_59,normal
b9rdvgeDM1o_50,self_occluded
bB-ijjuzGnc_9,normal
bD8GTROk-TU_12,self_occluded
bD8GTROk-TU_29,normal
bDJ8W-LsXtA_8,normal
bDUpoIQ9_wc_222,normal
bDUpoIQ9_wc_224,normal
bGr2cRY2P1c_43,normal
bK-MXwlKhlA_3,normal
bL31Nb_R3ok_23,normal
bMUIIGlUzBA_8,normal
bOGnAH6UJMs_199,self_occluded
bQMn27Ijd7E_63,self_occluded
bQMn27Ijd7E_66,self_occluded
bR_mSPXmlWc_8,normal
bSro7WgFsXM_17,self_occluded
bSro7WgFsXM_49,self_occluded
bTT4KHcqaSY_69,normal
bTWqWujBTVs_127,normal
bTpRhOzvyZU_30,hard
bUAkbguC7wA_0,normal
bUAkbguC7wA_24,normal
bV0OYdWGlwE_6,normal
bVeOJodDaoM_6,normal
bXwYwtjbFOk_17,normal
bXxVAA5hnbo_1,normal
bYQseMZmlas_7,normal
bYQseMZmlas_8,self_occluded
bZ19YyYMn7A_21,normal
b_lG9AJn21w_9,self_occluded
b_uJDMYs6Z0_10,self_occluded
baDHQZpIrs8_53,normal
bdVzz5hJy4U_100,hard
bdVzz5hJy4U_31,hard
bdVzz5hJy4U_38,normal
bdVzz5hJy4U_94,hard
be1ZV4K6vhQ_10,normal
be1ZV4K6vhQ_12,normal
bktdVvuLcl8_23,hard
bktdVvuLcl8_25,normal
bktdVvuLcl8_36,hard
bktdVvuLcl8_42,self_occluded
bktdVvuLcl8_51,hard
bq220dgUb0I_56,self_occluded
bsmt8rnI2Dk_16,self_occluded
bsmt8rnI2Dk_17,self_occluded
bsmt8rnI2Dk_22,self_occluded
btkcimgZSpM_46,self_occluded
buXLaovKCeQ_13,self_occluded
buXLaovKCeQ_4,self_occluded
bu_SDUHh5q8_19,normal
bvTh-K6dUPg_11,normal
bw1Z-HaZCq4_59,normal
bwYV8qU0tmc_10,normal
bwYV8qU0tmc_17,hard
bwYV8qU0tmc_68,normal
bwYV8qU0tmc_72,normal
bwYV8qU0tmc_76,normal
bwYV8qU0tmc_78,normal
bwYV8qU0tmc_79,normal
bwYV8qU0tmc_80,normal
byE1rXSVe3Y_15,self_occluded
byE1rXSVe3Y_26,self_occluded
byE1rXSVe3Y_34,self_occluded
byE1rXSVe3Y_39,self_occluded
byId4wKk2J0_12,self_occluded
byId4wKk2J0_13,self_occluded
byId4wKk2J0_2,normal
byId4wKk2J0_4,normal
bzM2FvjQ_nk_36,normal
c166TBRbmSc_20,normal
c166TBRbmSc_31,self_occluded
c38nIj_qovw_34,self_occluded
c3KqEWTxWls_8,normal
c5X9cAHxcBg_102,hard
c5X9cAHxcBg_104,hard
c5X9cAHxcBg_115,hard
c5X9cAHxcBg_123,hard
c5X9cAHxcBg_133,self_occluded
c5X9cAHxcBg_147,self_occluded
c5X9cAHxcBg_148,self_occluded
c5X9cAHxcBg_166,hard
c5X9cAHxcBg_45,normal
c5X9cAHxcBg_50,normal
c9_AAz3DNWk_12,normal
c9bf9W0abhg_6,normal
c9bf9W0abhg_7,normal
cCoZ7eDT6xU_6,normal
cEAziidhXvY_21,normal
cEAziidhXvY_41,normal
cEK8x9kgl7k_18,self_occluded
cMgPBLlNSX8_86,normal
cPxsj7wDOiA_36,self_occluded
cS_3OwkUQUY_37,self_occluded
cWWngbQyBjA_70,self_occluded
c_avpexAI4Y_2,normal
c_avpexAI4Y_50,normal
c_cnGkh_0Us_22,hard
ca5j-33Bn6c_12,self_occluded
ca5j-33Bn6c_8,normal
ca5j-33Bn6c_9,hard
cb4s-uveWpo_16,normal
cc8130spYqk_13,self_occluded
cc8130spYqk_42,self_occluded
cg97JAKvyM4_13,self_occluded
cgQprmodNpc_14,hard
ciRfywulVpg_401,self_occluded
clNU4dxyU0U_32,normal
clNU4dxyU0U_9,self_occluded
clgTfifRcHA_24,normal
coaxpO7ki3o_18,self_occluded
cqNyKoLRNXs_5,hard
cszXjQNYqTo_8,self_occluded
ctnc3mGB6C0_88,self_occluded
cvdCD7K__oY_29,normal
cwLTQB6a3rc_0,self_occluded
cwtkeqQYxW4_27,self_occluded
cwtkeqQYxW4_30,self_occluded
cysOnORt7v8_20,self_occluded
czurBHJA-fg_52,normal
czvu9o9vIKc_1,normal
d0SHxU-FVlw_4,normal
d11agNEWxlg_16,hard
d11agNEWxlg_53,normal
d11agNEWxlg_55,normal
d1j9tnPTMGw_16,self_occluded
d52L-hccp5Y_71,normal
d7RdNN5Z7P4_4,normal
d7RdNN5Z7P4_8,hard
d8stcOq0JFo_79,self_occluded
dA3UTJhSj9o_11,normal
dA3UTJhSj9o_13,self_occluded
dA3UTJhSj9o_14,normal
dA3UTJhSj9o_23,normal
dA3UTJhSj9o_7,normal
dAetpRS7MX8_16,hard
dAetpRS7MX8_9,hard
dB_VAT9ephA_13,self_occluded
dB_VAT9ephA_18,normal
dFb2UakraBU_32,self_occluded
dInqThaLTpk_9,normal
dP_hGGi6uv4_31,self_occluded
dQiHTdoUzmM_81,normal
dRYJJY1RX3Y_1,self_occluded
dUe-XT2mwHg_2,normal
dVHAhvTos6s_7,normal
dVHAhvTos6s_9,normal
dW-JR8TA9F8_232,normal
dZ80gi68oTU_58,normal
dZ80gi68oTU_61,normal
dZGA0FbyJyk_10,normal
dZGA0FbyJyk_11,normal
dZGA0FbyJyk_12,normal
dZGA0FbyJyk_14,normal
dZGA0FbyJyk_5,self_occluded
dZGA0FbyJyk_6,self_occluded
dZr6R6E3Rcs_17,normal
day4i0cyUjw_84,normal
dbAWs6I5gh8_4,normal
dbcV95-sC9s_29,hard
dbcV95-sC9s_31,hard
de8D6Pfg3P0_14,normal
de8D6Pfg3P0_16,self_occluded
de8D6Pfg3P0_29,normal
de8D6Pfg3P0_42,normal
de8D6Pfg3P0_46,normal
de8D6Pfg3P0_50,self_occluded
de8D6Pfg3P0_54,normal
de8D6Pfg3P0_67,self_occluded
de8D6Pfg3P0_74,self_occluded
df3mq8W7OmQ_7,normal
dfTZEsMh0oM_10,normal
dfTZEsMh0oM_14,normal
dfTZEsMh0oM_25,normal
dfTZEsMh0oM_8,normal
dj8rg_tUxig_1,self_occluded
dmSACCwRJdY_7,normal
dtIrLbtJ208_24,normal
dxJc5NlxOww_25,self_occluded
dxkzUFltfCA_15,normal
dyi5B7dDS5g_67,self_occluded
dyxNALFKvwI_0,normal
dzvPLBG379s_64,normal
e-zNqu33XOU_52,normal
e-zNqu33XOU_60,normal
e0Wd1Hn9z84_0,normal
e2lzhhfzySk_20,self_occluded
e4vwne9uwwE_18,self_occluded
e4vwne9uwwE_36,self_occluded
e4vwne9uwwE_47,self_occluded
e4vwne9uwwE_7,self_occluded
e7eZGUxNXqI_41,normal
e8P4RO8xgsQ_35,self_occluded
e9Wni5zZHlo_7,normal
eA9xLhTGRdE_29,normal
eA9xLhTGRdE_6,normal
eCPfuGOosY8_3,self_occluded
eEni3XatowY_37,normal
eFwehh6RulQ_13,self_occluded
eG3r0nXjeOA_20,self_occluded
eHbHIem0O0Y_11,self_occluded
eJQXGj-hGuw_13,normal
eNF5IOGzCdg_93,normal
eP64J1Cl1OI_31,normal
ePQu3MxPspU_11,hard
eQr-Tc-Ps_8_6,normal
eRiDBR6FsHo_13,normal
eTQkNvEtsoo_17,normal
eX2g_ZB1GrE_74,normal
eZZn1ppwDvw_141,normal
eZZn1ppwDvw_143,normal
eZl2HsH9x3I_26,normal
eZl2HsH9x3I_34,normal
eZl2HsH9x3I_39,normal
e_X4muwyiJE_1,normal
ebYt8K_ytuk_17,self_occluded
ebYt8K_ytuk_39,self_occluded
eccQZzQVMSw_22,normal
eccQZzQVMSw_26,normal
ecx5xf4X3kM_22,normal
ecx5xf4X3kM_41,self_occluded
ecx5xf4X3kM_52,self_occluded
ecxgiZY2Cr4_10,normal
ecxgiZY2Cr4_11,normal
ecxgiZY2Cr4_13,normal
ecxgiZY2Cr4_16,normal
ecxgiZY2Cr4_17,normal
ecxgiZY2Cr4_18,normal
ecxgiZY2Cr4_19,normal
ecxgiZY2Cr4_20,normal
ecxgiZY2Cr4_21,normal
ecxgiZY2Cr4_22,normal
ecxgiZY2Cr4_24,normal
ecxgiZY2Cr4_32,self_occluded
ecxgiZY2Cr4_34,normal
ecxgiZY2Cr4_36,normal
ecxgiZY2Cr4_39,hard
ecxgiZY2Cr4_4,hard
ecxgiZY2Cr4_40,normal
ecxgiZY2Cr4_43,self_occluded
ecxgiZY2Cr4_48,normal
ecxgiZY2Cr4_50,normal
ecxgiZY2Cr4_51,normal
ecxgiZY2Cr4_53,normal
ecxgiZY2Cr4_55,self_occluded
ecxgiZY2Cr4_6,normal
ecxgiZY2Cr4_61,normal
ecxgiZY2Cr4_63,normal
ecxgiZY2Cr4_7,normal
ecxgiZY2Cr4_8,normal
edTX8mkyrW0_41,normal
efkn2jc1huU_18,hard
efkn2jc1huU_25,hard
efkn2jc1huU_29,hard
efkn2jc1huU_7,hard
efkn2jc1huU_8,hard
egBaAuUpVCo_10,normal
ek7XrSpZF0U_4,normal
ek898Fac7r4_4,normal
ek898Fac7r4_5,self_occluded
ekmpMG9LcrA_25,hard
ekmpMG9LcrA_26,hard
ekmpMG9LcrA_46,normal
ekmpMG9LcrA_58,normal
ekmpMG9LcrA_62,normal
ekmpMG9LcrA_65,hard
ekmpMG9LcrA_75,normal
ekmpMG9LcrA_78,self_occluded
ekmpMG9LcrA_82,hard
ekmpMG9LcrA_90,hard
ekmpMG9LcrA_91,hard
ekmpMG9LcrA_92,hard
ekmpMG9LcrA_93,hard
ekvb72nWxYk_18,self_occluded
eoQhpwkc7qY_108,normal
eptcf6WPBG8_15,hard
eptcf6WPBG8_30,hard
eptcf6WPBG8_37,hard
eptcf6WPBG8_45,hard
eptcf6WPBG8_65,self_occluded
eptcf6WPBG8_70,hard
eptcf6WPBG8_71,self_occluded
eptcf6WPBG8_79,self_occluded
eptcf6WPBG8_81,hard
eqeVP8AQiPI_7,self_occluded
erOGuFpK8RA_40,self_occluded
esWMvMxYNno_54,normal
esZj20J6pPU_29,normal
ev6U4Zu11Bk_38,self_occluded
evNkVyejRq8_14,self_occluded
evNkVyejRq8_15,self_occluded
evNkVyejRq8_35,normal
evNkVyejRq8_42,hard
evNkVyejRq8_44,hard
evXYb38gsfk_5,hard
evZ6YM9fjV0_15,self_occluded
evcX18owB-8_13,normal
evcX18owB-8_21,normal
evcX18owB-8_32,normal
ezxBHV9QsR8_6,normal
f-3TH9IQdmQ_25,self_occluded
f-3TH9IQdmQ_48,normal
f-3TH9IQdmQ_55,self_occluded
f-B-UmElW-U_12,self_occluded
f-B-UmElW-U_5,self_occluded
f10ntEe4FRs_7,normal
f2s6qkQCJiA_42,normal
f3ftjnRXyFw_18,self_occluded
f8Co37GO2Fc_12,self_occluded
fA-99pjinkY_11,normal
fA-99pjinkY_15,normal
fA-99pjinkY_30,normal
fAChSUOSUAQ_9,hard
fBI4Tc_Tvac_20,normal
fD8d8e7HicY_11,self_occluded
fD8d8e7HicY_12,self_occluded
fE8tjOQ7QSw_10,self_occluded
fGXMpWSJceQ_22,hard
fGXMpWSJceQ_24,hard
fG_snZZ8KH8_65,normal
fGrbCbnpNsM_18,self_occluded
fGsq8pRubbI_13,self_occluded
fGsq8pRubbI_15,hard
fGsq8pRubbI_25,self_occluded
fGsq8pRubbI_27,normal
fGsq8pRubbI_29,hard
fGsq8pRubbI_32,hard
fGsq8pRubbI_49,hard
fGsq8pRubbI_56,self_occluded
fGvSjrOZGDM_13,normal
fIjzmbLZz3E_7,normal
fJTVgRLoy0M_37,normal
fJZHrmmuxHA_13,self_occluded
fJhct7d9TXM_22,self_occluded
fJvJc0iH6NU_68,normal
fMrcU_puIkU_14,normal
fNAkQalY4ms_13,normal
fNAkQalY4ms_15,normal
fNAkQalY4ms_18,normal
fNAkQalY4ms_3,normal
fNAkQalY4ms_7,normal
fNQkE5hgYZg_2,normal
fQEnyA7wbt8_33,self_occluded
fQEnyA7wbt8_58,normal
fQqAHo4_u-c_2,normal
fS_Q40c1bM8_19,self_occluded
fTuXmdQRGz8_18,normal
fV0jH3lo6aE_13,self_occluded
fV0jH3lo6aE_16,self_occluded
fX8VX96ANv4_2,self_occluded
fXZ9j92MoVA_6,hard
fZ8x8x0wHmg_26,self_occluded
f_OrA-1UgGo_59,self_occluded
faS_18IUmrQ_34,self_occluded
fckuPWCm8XY_18,normal
fckuPWCm8XY_23,normal
fjiWzmiH4Y0_57,self_occluded
fnwjTG0trmw_65,hard
fnwjTG0trmw_73,self_occluded
frvvLhGzVqQ_180,normal
ftFtsiiMJf4_73,normal
fw2NjXOc7o4_14,hard
fxhAfUNBnmU_12,self_occluded
fxhAfUNBnmU_27,normal
fxhAfUNBnmU_36,self_occluded
g1dwme0nNhA_20,normal
g4H8ghp4BhY_8,normal
g51-94alcuc_18,normal
g51-94alcuc_19,normal
g51-94alcuc_7,normal
g5sJCDo_LXg_20,normal
g6ikK0b8xiY_10,self_occluded
g6n08WeRt1Y_15,hard
g6n08WeRt1Y_5,self_occluded
g7OpA5f3M-4_0,normal
g7TwZ79-x44_14,normal
g8xiSF1ZeyQ_36,self_occluded
g8yoLeVDb10_40,self_occluded
gC2MbLAULKE_46,normal
gC8VzvN2jLI_1,normal
gC8VzvN2jLI_35,normal
gC8VzvN2jLI_36,normal
gC8VzvN2jLI_5,normal
gC8VzvN2jLI_8,normal
gGeswNDBwpY_31,normal
gIhgyNaKKiQ_44,normal
gKbgErxbmWM_109,normal
gOQRTmlJssc_17,self_occluded
gPba-34ARZY_16,normal
gQS54YvRMu4_20,normal
gQfcej2yq3w_2,normal
gTo2Ckcs0e4_36,normal
gUwRcRsez2M_3,self_occluded
gVtKRg3iMnI_3,normal
gWD4E3JtU6I_15,normal
gbLcsRq55To_13,self_occluded
gbVLET8sZOE_129,self_occluded
gfuGrxV7Fqg_25,self_occluded
ggVLSAce8yE_28,normal
giX4t4cRnZk_37,normal
giX4t4cRnZk_49,hard
giX4t4cRnZk_53,self_occluded
gkpBYgduQIc_153,self_occluded
glAOsM9ZeuM_87,self_occluded
goxA-KnvrF4_0,normal
gpFR9PIbVeM_30,self_occluded
gpFR9PIbVeM_33,self_occluded
gpFR9PIbVeM_42,self_occluded
gpSdKZ8XafA_24,hard
gqdXuQxlo0s_13,normal
gqdXuQxlo0s_30,hard
gqdXuQxlo0s_45,self_occluded
gqdXuQxlo0s_8,self_occluded
grU7uECQaGg_18,self_occluded
grU7uECQaGg_23,self_occluded
grU7uECQaGg_25,normal
grU7uECQaGg_28,self_occluded
gthn4GrZoFY_1,self_occluded
guSiFgq1O7Y_3,normal
gv1Z8OYJaAA_49,normal
gx2Yc_0YwyA_1,self_occluded
gxUOiyz2z-4_1,normal
gy8P6XR93y8_114,normal
h0HjqYRlXYg_16,self_occluded
h0HjqYRlXYg_18,self_occluded
h0HjqYRlXYg_25,hard
h0HjqYRlXYg_5,hard
h0HjqYRlXYg_9,hard
h0_9y-KE1Os_7,hard
h2Xsi5xTqn8_18,normal
h2Xsi5xTqn8_20,normal
h2Xsi5xTqn8_35,normal
h2Xsi5xTqn8_49,hard
h2Xsi5xTqn8_55,self_occluded
hBKaksY8xBk_9,normal
hDOnb7vXjTY_116,normal
hF4GVT1busw_40,normal
hGMsNgAYnRg_36,hard
hKQU3PWRzhI_22,normal
hKQU3PWRzhI_36,self_occluded
hKQU3PWRzhI_8,normal
hL3JYn1wznc_11,self_occluded
hLkKCzx7qVM_20,normal
hMPUi-FFLxw_56,normal
hQ49wiiL_Wo_120,normal
hQ49wiiL_Wo_3,normal
hQ5pwwV0aFM_59,normal
hQ6MmQ84tcM_33,normal
hQLRHtaAFGQ_10,normal
hV8XVmkoMys_23,normal
hWIL0mhq0sk_31,self_occluded
hYqieCaLVFI_37,normal
ha8XxSHTALw_15,self_occluded
ha8XxSHTALw_19,normal
ha8XxSHTALw_34,self_occluded
ha8XxSHTALw_8,self_occluded
hazkbdg73v4_31,normal
hazkbdg73v4_36,normal
hazkbdg73v4_42,normal
hazkbdg73v4_63,normal
hbJxa-uy53Q_52,self_occluded
hbQqI9g48NA_9,normal
hcpRYvPLct4_27,self_occluded
hcr0M9zOkIo_18,self_occluded
hcr0M9zOkIo_21,self_occluded
hgw2_G8EAtg_4,normal
hgw2_G8EAtg_7,self_occluded
hi-PlWWmuvk_24,normal
hi-PlWWmuvk_53,self_occluded
hiD0v2RdKIo_80,normal
hjXvZBBqEOg_1,self_occluded
hkKfp04ExsY_50,self_occluded
hkKfp04ExsY_58,self_occluded
hkKfp04ExsY_59,self_occluded
hkRtMVzRDCc_13,normal
hkRtMVzRDCc_24,self_occluded
hlBnQedv15k_300,self_occluded
hlH_LduFq4g_27,normal
hlH_LduFq4g_44,normal
hlH_LduFq4g_48,hard
hlH_LduFq4g_62,normal
hlH_LduFq4g_65,normal
hlH_LduFq4g_68,normal
hlH_LduFq4g_69,normal
hlH_LduFq4g_72,normal
hlH_LduFq4g_79,normal
hlH_LduFq4g_80,normal
hlH_LduFq4g_84,normal
hlH_LduFq4g_93,normal
hlH_LduFq4g_98,hard
hn1O545ILBs_0,self_occluded
hns_zXC0rD4_57,self_occluded
hoeCo5HSDAw_61,self_occluded
hp-5FLPADIQ_2,normal
hrBQ8n3g0ig_41,normal
hrCtv9ogT_k_25,normal
hsVN23tISvA_16,hard
hsn2CUHzUNk_1,normal
ht-QX2ZN_Ao_49,self_occluded
ht-QX2ZN_Ao_64,self_occluded
hu3aWcLwuOc_22,self_occluded
huLjWmzHit0_46,normal
hw5wPjDHAE8_77,normal
hwrfzg91TYc_15,self_occluded
hz8TGSTx2GQ_10,normal
i-l7fE51Sz4_59,normal
i00iFjHWP14_59,normal
i0clp2b_oeo_0,normal
i0nELszjhX4_13,self_occluded
i1u-cwNm36Y_12,self_occluded
i2U5YVA9_JI_19,normal
i331bVNEAac_19,self_occluded
i4hluGnH3TM_39,self_occluded
i51Auitbpwc_28,normal
i5RzpSZD-E0_32,normal
i65fMiWiXxU_39,self_occluded
i6IIcoQ3-C0_108,normal
i7GzzQu522M_27,hard
i8chOMTduFM_6,self_occluded
iAeCc6WBCjg_17,normal
iB1xi8gj-4I_5,self_occluded
iBH8BfmxDGA_5,normal
iDLia1dopRU_14,normal
iDZmBjUyf6E_27,normal
iE7fmqCPnLY_36,self_occluded
iGJHV-Ql-Hg_22,normal
iGJHV-Ql-Hg_23,hard
iIdMRB52pW4_164,normal
iK9KwuXoheQ_22,self_occluded
iN0qhpwH9NE_14,normal
iN8OGSKTRWg_15,self_occluded
iPIl4Tv3pjo_2,normal
iPXlzBY5NEA_12,self_occluded
iPXlzBY5NEA_6,hard
iPXlzBY5NEA_7,normal
iPnGV1mKlvI_21,self_occluded
iQt1pOlTtUo_39,normal
iS3sja_Z9q8_22,hard
iSns3ZBwQP0_22,normal
iUZvsZjqcjQ_53,self_occluded
iUZvsZjqcjQ_63,self_occluded
iVgTxm0v4pw_9,normal
iWuOaP6LZr4_13,normal
iWuOaP6LZr4_9,normal
iY7Ozv6g5MQ_85,normal
iY97xc450Ks_1,self_occluded
iZH330po58g_27,hard
iZeAK3OPPsI_18,normal
i_bQxKqrjEA_88,normal
iap7btfj5XI_6,normal
ib4QQ8yVpeY_28,hard
ib4QQ8yVpeY_4,hard
ib4QQ8yVpeY_41,hard
ib4QQ8yVpeY_44,normal
ib4QQ8yVpeY_53,hard
ic6634Nf6fo_15,normal
ic6634Nf6fo_6,self_occluded
ie6EvoQKiVQ_13,normal
ie6EvoQKiVQ_19,normal
ie6EvoQKiVQ_9,normal
ieK2zFVk5yQ_12,normal
ieK2zFVk5yQ_15,normal
ieK2zFVk5yQ_17,normal
iewhHyqvmlA_21,normal
ifeKriQG2bI_14,self_occluded
ifeKriQG2bI_61,normal
ihHAkOjn544_91,self_occluded
iik8pzD57Bo_28,normal
ilwB1QmT5Kg_31,hard
ilwB1QmT5Kg_45,self_occluded
ilwB1QmT5Kg_54,self_occluded
ilwB1QmT5Kg_59,self_occluded
imqIYzwOrJg_56,normal
imzDk6dfP54_15,self_occluded
inEsNrLEMEY_13,normal
inEsNrLEMEY_24,normal
ioZexIy1T90_27,normal
irT9eCQ-gL8_0,normal
irT9eCQ-gL8_3,normal
ivjtaQvjq4M_120,normal
iwJzAwMXUTc_20,self_occluded
ixPESIpqtC4_12,normal
ixPESIpqtC4_18,normal
ixPESIpqtC4_25,normal
ixPESIpqtC4_26,normal
ixPESIpqtC4_28,self_occluded
ixPESIpqtC4_4,normal
ixPESIpqtC4_9,normal
j-7TVn0piro_111,normal
j27A9Ze9lAM_15,normal
j2Lfg5KQt28_23,hard
j7-6H78Gl28_37,normal
j7WFTKijGXk_2,normal
j8O791xsPw8_16,self_occluded
j8O791xsPw8_30,self_occluded
j8Ur_7TPBQ0_16,self_occluded
j8Ur_7TPBQ0_19,hard
j8u052CVtsY_20,self_occluded
jAZj5mjvFOU_28,self_occluded
jAZj5mjvFOU_40,self_occluded
jAZj5mjvFOU_56,self_occluded
jAwOCKDslYs_65,normal
jAxYr1ZQ0Qk_11,normal
jAxYr1ZQ0Qk_19,normal
jAxYr1ZQ0Qk_27,normal
jAxYr1ZQ0Qk_39,normal
jEBlm6GcmSc_22,normal
jEHfwKQ5O7c_14,self_occluded
jI8L9DEbZ1I_19,normal
jLHT7Ew49Is_11,normal
jNO1Nch0dts_3,normal
jN_jh6bG0ZU_100,hard
jN_jh6bG0ZU_105,normal
jN_jh6bG0ZU_17,normal
jN_jh6bG0ZU_24,normal
jN_jh6bG0ZU_71,normal
jN_jh6bG0ZU_72,normal
jN_jh6bG0ZU_82,normal
jN_jh6bG0ZU_91,normal
jQzOzC7Bmq0_40,self_occluded
jRj16SrbD_U_95,normal
jUIjEHEMbcY_5,self_occluded
jUIjEHEMbcY_7,self_occluded
jUIjEHEMbcY_8,self_occluded
jVI-x9BmIrA_10,self_occluded
jWlsqXyKQ6M_48,self_occluded
jWlsqXyKQ6M_49,self_occluded
j_Vremwqy1Y_6,self_occluded
j_ePagCSQR8_7,self_occluded
j_n8G3IsAmc_29,normal
j_n8G3IsAmc_41,normal
j_n8G3IsAmc_59,self_occluded
j_n8G3IsAmc_62,self_occluded
jaM8xtAEk88_12,hard
jaM8xtAEk88_32,normal
jaM8xtAEk88_44,self_occluded
jaM8xtAEk88_46,normal
jaM8xtAEk88_47,hard
jaM8xtAEk88_6,self_occluded
jafW4AGPxWk_11,normal
jafW4AGPxWk_32,normal
jafW4AGPxWk_45,normal
jafW4AGPxWk_47,self_occluded
jafW4AGPxWk_51,normal
jafW4AGPxWk_7,normal
jba8OsJthns_50,self_occluded
jeepwqQWdzk_22,self_occluded
jeyO2PdA1VU_23,self_occluded
jgPqunVPYXQ_0,normal
jghe7AeaDOM_162,self_occluded
jgrvyuNNeTs_17,normal
jh1KeZPimYw_36,normal
jjOvmIEUEv8_0,normal
jjOvmIEUEv8_1,normal
jlPsbiwsdak_19,normal
jlPsbiwsdak_20,normal
jp9QZ1urIOY_9,hard
jpalUkdlI64_56,normal
jsRrsW7lRMo_12,hard
jtWAV_sJYUw_4,normal
jtp71NT0GNg_15,normal
jurugdMcfyo_37,normal
jxTl85aa-xw_2,self_occluded
jyaOQcKaBsE_61,self_occluded
k0LR7x7LaQA_15,self_occluded
k4PB8PKR9S0_5,normal
k5HSoZsg0_8_16,hard
k63DEuzOq_M_11,hard
k63DEuzOq_M_14,hard
k63DEuzOq_M_16,normal
k63DEuzOq_M_22,hard
k63DEuzOq_M_48,hard
k63DEuzOq_M_9,hard
k6CdmTLjF0s_15,normal
k8I6t0x6WKA_22,hard
k970wtcg2ZE_1,normal
k9Evcox7u8A_14,self_occluded
k9XGXaF4hH0_6,normal
k9fIEFtCVNc_43,normal
kAlwzS9q_DE_12,normal
kBGm6zsxZlk_4,normal
kBGm6zsxZlk_6,normal
kD1tCSZsNCM_5,normal
kF4fHzOMUN0_116,normal
kF4fHzOMUN0_119,normal
kGH9PPrKa1Q_19,hard
kGgt4n9JYew_66,self_occluded
kGtQzf8nEhI_44,self_occluded
kHQ8ib3EQb8_26,self_occluded
kHu_ywCnGGo_11,normal
kHu_ywCnGGo_18,normal
kHu_ywCnGGo_24,hard
kHu_ywCnGGo_28,normal
kHu_ywCnGGo_4,self_occluded
kHu_ywCnGGo_9,normal
kKQUCxZPs_0_14,normal
kKQUCxZPs_0_36,normal
kKQUCxZPs_0_42,normal
kKQUCxZPs_0_44,normal
kKhE5xwJnrk_86,self_occluded
kKhE5xwJnrk_90,normal
kL_pgt9iyFI_55,self_occluded
kN__dhihmTE_161,normal
kN__dhihmTE_165,normal
kNrNw1yT80k_16,normal
kNrNw1yT80k_24,self_occluded
kNwvUiSx-LQ_7,normal
kPpsSB1Bff0_14,self_occluded
kPpsSB1Bff0_3,hard
kPpsSB1Bff0_35,hard
kU5y6FnwnC8_28,self_occluded
kUCUXXrZY-g_18,self_occluded
kUCUXXrZY-g_19,normal
kUCUXXrZY-g_22,self_occluded
kUCUXXrZY-g_25,hard
kUCUXXrZY-g_31,hard
kUCUXXrZY-g_35,normal
kUCUXXrZY-g_43,self_occluded
kUHKoInXdUE_13,self_occluded
kYR2WBIVVlE_36,self_occluded
k_C3LYy4erc_12,normal
k_C3LYy4erc_20,normal
k_C3LYy4erc_23,normal
k_C3LYy4erc_27,normal
k_C3LYy4erc_33,normal
k__c5s-7oQU_4,self_occluded
kaOFQvC19PY_59,normal
kaVjvvLfIfA_11,normal
kapDVbQKOS0_25,normal
kci6Dq8cMws_0,normal
kdX-hczqxwA_20,normal
keBZCKk_sCk_11,self_occluded
kecDJqihKb4_9,self_occluded
kg1RqbMQLuE_36,normal
kg5gDEm6TkA_10,self_occluded
khDyWeZGb4w_11,hard
khDyWeZGb4w_5,hard
khDyWeZGb4w_7,hard
kj5UX9wifpw_11,hard
kj5UX9wifpw_14,hard
kj5UX9wifpw_15,hard
kj5UX9wifpw_16,hard
kkBTdyegla0_39,self_occluded
kkyV_OeJNxo_3,hard
kl130Kmqyak_39,normal
km7u5M35xb4_17,self_occluded
kmUDJsdbszE_70,normal
kmUDJsdbszE_88,self_occluded
kn8EyDJQHbk_121,normal
ko7FLmbReJo_34,self_occluded
koTRLPtyIqI_39,normal
kpGILrxynq8_17,normal
kq1gzXZKjlM_14,self_occluded
kq4jPlT5irg_10,hard
kq4jPlT5irg_6,hard
kq4jPlT5irg_8,self_occluded
krjp8R6tZl8_18,normal
krkiNg3ABz4_20,normal
ksujZDeB8pI_10,normal
kusB-An_ryg_14,hard
kusB-An_ryg_24,hard
kvbIsLXktP0_38,normal
ky53CQOPxus_64,self_occluded
kyqVVmCn8r4_19,self_occluded
l-1Jhg8n27M_13,self_occluded
l-1Jhg8n27M_16,hard
l-1Jhg8n27M_18,self_occluded
l-1Jhg8n27M_21,self_occluded
l-1Jhg8n27M_24,self_occluded
l-1Jhg8n27M_33,hard
l-1Jhg8n27M_35,hard
l-1Jhg8n27M_37,hard
l-1Jhg8n27M_39,self_occluded
l-1Jhg8n27M_43,hard
l-1Jhg8n27M_44,self_occluded
l-1Jhg8n27M_61,hard
l-1Jhg8n27M_80,hard
l0Lfg4szAjM_32,hard
l0Lfg4szAjM_34,hard
l0Lfg4szAjM_40,self_occluded
l0Lfg4szAjM_48,hard
l0dkPurFB6A_2,self_occluded
l5F8mWZLAqo_26,hard
l5GqmbkZ9js_18,self_occluded
l81LucbhPRg_12,normal
l81LucbhPRg_4,normal
l81LucbhPRg_7,normal
lAAZ_k-Qfs8_52,normal
lAHdbFKJXx8_55,self_occluded
lAHdbFKJXx8_74,self_occluded
lASbJ3y7pOs_43,self_occluded
lB2nF1quih0_61,self_occluded
lBxwBq9mRK8_9,self_occluded
lC857pL4qYM_59,normal
lDdU51wNo3s_21,self_occluded
lFUAmXD5ons_14,normal
lH5AJy0_QlI_88,self_occluded
lIVr4H9Wa04_13,self_occluded
lIVr4H9Wa04_27,self_occluded
lJDhARyAbvc_241,normal
lJDhARyAbvc_53,normal
lKbvsB-tM1A_49,hard
lOO2RDYzN9E_15,normal
lR4o78dWF-U_48,self_occluded
lR4o78dWF-U_6,self_occluded
lRzZgvmRrNg_48,self_occluded
lTONUsvdDCQ_37,self_occluded
lU9LAy51qYU_2,normal
lVsEOAa7-dk_14,self_occluded
lXXYm-COKg8_33,self_occluded
lYVXpfXUgyk_12,normal
lZ1-ydDEnvw_10,self_occluded
l_EheJ9GkyU_81,self_occluded
laDmrb318jc_10,self_occluded
laIHp7cupbs_86,normal
lcNPw61ageQ_8,self_occluded
ldypkZV7eRM_28,normal
ldypkZV7eRM_39,normal
lhd5FeimVXc_3,self_occluded
liq2yo30joU_18,normal
lnt3s3nPksE_12,self_occluded
loicvLfg9lM_15,normal
lpdDC2sO6VU_1,normal
lqlPZRWpGrQ_3,normal
lqlPZRWpGrQ_79,normal
ltdnVHAHBs4_28,self_occluded
lw148E6R_MI_34,self_occluded
lwZvdtZaz_8_51,self_occluded
lzNo1HMRYr8_1,normal
lzz89Eaw7A0_7,self_occluded
m0Cf1putWuA_29,normal
m0tiSTIIQSM_11,normal
m1Mke_2FkxY_20,self_occluded
m1hj58eFg2I_44,normal
m7LuZq0TDdE_9,self_occluded
m8VzQPr6T4A_27,normal
m8VzQPr6T4A_33,self_occluded
m8VzQPr6T4A_39,normal
m9YpXt4Npts_4,normal
mAUhtWP_Ues_21,self_occluded
mE3QjYnMdt4_35,normal
mEPHLRNKJQc_3,hard
mETD4fPzVXw_10,normal
mETD4fPzVXw_13,normal
mEmQ1Uy_N-U_4,normal
mEyc7ULfLuY_5,normal
mIV04vpeD6U_3,normal
mKHLPSOS62A_38,normal
mKHLPSOS62A_41,self_occluded
mKHLPSOS62A_43,self_occluded
mKHLPSOS62A_45,hard
mKHLPSOS62A_9,normal
mKjBZK0LsM4_12,self_occluded
mLU-6BjlQIo_5,normal
mMEG6I4k7dw_60,self_occluded
mMUBPcP5U7o_3,self_occluded
mMoNmlRZdF4_26,normal
mNvlPN5F0VQ_72,normal
mO8p293HuTg_32,hard
mOWgIwhoypo_39,hard
mSy_jmMGJ_0_9,normal
mTFFNOYVXWc_28,normal
mTV_EHL6YeY_5,normal
mTVf3z9J5mQ_32,normal
mX0ClTcuMoU_3,self_occluded
mX6Kd8vrT2A_10,hard
mX6Kd8vrT2A_17,self_occluded
mX6Kd8vrT2A_21,self_occluded
mX6Kd8vrT2A_22,hard
mX6Kd8vrT2A_33,self_occluded
mbEA4IaC3Js_94,self_occluded
mfKrM2MNKdU_1,normal
mfpucB_4Viw_13,normal
mjLNScSjBJE_20,normal
mk0-rZF70BI_2,normal
mkrcGSywMX4_13,normal
ml5qSropKds_34,self_occluded
ml5qSropKds_40,self_occluded
mumHHQdVKyw_14,self_occluded
mvlcIBFSOao_4,normal
mwiOoI_fEFg_18,self_occluded
mxFIQOvw8XQ_140,self_occluded
mxNwJZedIDY_12,normal
mxNwJZedIDY_5,normal
mxNwJZedIDY_7,normal
myeQcW4GEgY_21,normal
myeQcW4GEgY_24,normal
myeQcW4GEgY_25,normal
myeQcW4GEgY_26,normal
myeQcW4GEgY_6,self_occluded
mz5ZSOd9NdA_12,normal
n4uItr084bg_0,normal
n991HrOu9No_28,normal
n9_LzIg4_ro_46,normal
n9_LzIg4_ro_50,self_occluded
nAKEx4MrIA4_2,normal
nAKEx4MrIA4_39,hard
nAKEx4MrIA4_44,self_occluded
nC83JlcxRUc_0,normal
nCrVkN1XMBc_28,normal
nEI5RCbpIa4_82,self_occluded
nHZzEdV_RIM_5,normal
nI9Tbp-Okf8_12,normal
nJaU-n_zD_k_11,normal
nLe-tccpfCc_35,self_occluded
nLe-tccpfCc_39,hard
nOJaCFbt118_19,self_occluded
nPV4ghEJWvA_11,self_occluded
nPV4ghEJWvA_23,hard
nR9xishkDlE_22,normal
nTHshVlYl8k_4,self_occluded
nTNo2C5jQNM_33,normal
nUtgKhFUWms_13,normal
nVN9wj2Kq2g_32,normal
nX9FLtcXnx8_4,self_occluded
nas-okzU_rA_62,self_occluded
ndeaLouOlkA_15,normal
ndtGVLOM3ZI_30,self_occluded
ndtGVLOM3ZI_6,hard
niA7aq-gnMQ_38,normal
nll1aL5IbWQ_6,normal
nmNdGh1qIJY_53,normal
nnclsP1LSQU_63,hard
noH5XQI5BYk_12,normal
npl15VHIk_A_43,normal
nqMIMQP0uoE_17,normal
ns1w6tj2dyQ_17,hard
ns1w6tj2dyQ_23,hard
ntIMBXi-s6E_33,normal
nurqRDt7TIU_35,hard
nx3-Bq35vNQ_49,normal
nyagOhxWinE_2,self_occluded
nzpk0jFg2lk_13,self_occluded
o-JSUWpNTVk_15,hard
o10ttRfzS_Y_48,normal
o1YLaw_3qUY_28,self_occluded
o3H7yA-lJtI_9,hard
o7tbJ6PIkTY_8,self_occluded
oAsBUdJLU6k_47,normal
oBPX9GUbQNo_12,normal
oBPX9GUbQNo_4,normal
oCUd7cbgmqE_75,normal
oD5O-BvGDz8_88,self_occluded
oFAqNc9Kt1w_46,self_occluded
oFHy8vaP_Bw_10,normal
oINuX5_3w2M_71,normal
oIsDXT3jYbw_10,normal
oJ92wH3RUrE_0,normal
oK94JVNJvf0_1,normal
oK94JVNJvf0_5,self_occluded
oKEbGrwfriE_8,normal
oKzT3xk2CQo_1,normal
oM3TXwQ6hbw_21,normal
oMEPRllj6dk_15,normal
oO98CyrjCj4_60,normal
oOfsOy2PElE_29,normal
oRuJCjGaumQ_19,self_occluded
oSxV7f-J9ec_18,hard
oSxV7f-J9ec_24,hard
oUFhs3LYoqU_55,normal
oY9dK4F8PbU_58,normal
oYDKMMX7aNg_18,normal
oYOFdAg0VGk_34,self_occluded
oYwtlg2kFb0_51,self_occluded
oYwtlg2kFb0_53,normal
oZhks0_2mHM_35,self_occluded
o_uXKQBoMis_19,hard
oaZMsTb6lcE_16,hard
oaZMsTb6lcE_25,hard
oaZMsTb6lcE_26,normal
obCIC4yZKCc_8,self_occluded
ohW6rWrlFQk_18,self_occluded
ohW6rWrlFQk_62,normal
ohmP8sO00K4_166,self_occluded
omrtUL5TcJE_26,hard
omrtUL5TcJE_41,hard
omrtUL5TcJE_55,hard
omrtUL5TcJE_8,hard
oq5G2rSv4cw_86,self_occluded
orNYLFeoS64_32,normal
orNYLFeoS64_39,self_occluded
orNYLFeoS64_40,normal
orNYLFeoS64_41,normal
orNYLFeoS64_44,normal
orNYLFeoS64_58,hard
orNYLFeoS64_59,self_occluded
oseKhPROPYk_0,normal
otwgaWyelkc_36,normal
ouVluPyZUMY_13,normal
ouuyFC9_rBQ_1,normal
owJGQ1_XjhA_10,self_occluded
ozy3zXVAhi4_101,normal
ozy3zXVAhi4_144,normal
ozy3zXVAhi4_21,hard
ozy3zXVAhi4_42,normal
ozy3zXVAhi4_49,normal
ozy3zXVAhi4_55,normal
ozy3zXVAhi4_57,normal
ozy3zXVAhi4_74,normal
p1PhsMw5ZiU_0,self_occluded
p1PhsMw5ZiU_1,self_occluded
p1PhsMw5ZiU_2,self_occluded
p1PhsMw5ZiU_4,self_occluded
p1PhsMw5ZiU_5,hard
p1PhsMw5ZiU_6,hard
p27vpEU962w_29,hard
p27vpEU962w_34,self_occluded
p27vpEU962w_37,self_occluded
p27vpEU962w_52,hard
p27vpEU962w_56,hard
p27vpEU962w_58,hard
p27vpEU962w_59,hard
p27vpEU962w_6,hard
p5FTH1Dt5MM_72,normal
p9CZVOgUh_A_44,normal
p9CZVOgUh_A_48,normal
pAu8ZSbwNew_27,normal
pAu8ZSbwNew_29,normal
pAu8ZSbwNew_31,self_occluded
pDZ5mHd4TgM_66,self_occluded
pHA8dn0zc5U_30,normal
pH_KyXXDpJQ_134,self_occluded
pH_KyXXDpJQ_178,self_occluded
pMAOxDmmRa4_3,self_occluded
pMRd5AYkgbE_6,normal
pN5fA69DaNc_89,normal
pNQ1Vs8Bdwg_28,hard
pP4zXbwiKFM_19,self_occluded
pPFM37y1ACY_10,hard
pQ631odhSNI_60,self_occluded
pQ631odhSNI_73,self_occluded
pTFeg60r3Q8_48,normal
pXmbW0eLLk4_16,self_occluded
pYBMRIxPT1I_0,self_occluded
pZvZz-fX4kc_12,self_occluded
pZvZz-fX4kc_19,self_occluded
pbz8TAxaYhU_12,self_occluded
pcVKcjXrUAg_81,normal
pd4RVrCepaw_8,hard
pdKbpddbEzc_7,self_occluded
pdYdhK4-ovE_36,self_occluded
pefc8gK5yjg_14,self_occluded
pf7m5EHQUNo_10,self_occluded
pf7m5EHQUNo_21,hard
pf7m5EHQUNo_23,hard
pf7m5EHQUNo_25,hard
pf7m5EHQUNo_27,hard
pf7m5EHQUNo_28,hard
pf7m5EHQUNo_9,hard
ph4a3ZI1fuk_2,normal
phssfYV03OM_23,self_occluded
piR1bZU1jGo_44,self_occluded
plOXqPZCQwM_17,self_occluded
plZhS8Pr38U_29,self_occluded
plxGEAQAcHE_18,normal
plxGEAQAcHE_9,normal
pn6BqanXrnI_60,normal
pnn-uOtO6aI_6,hard
pqCU2zb5RyU_30,normal
prFk3-OgQrI_58,self_occluded
psjyI6wfGRU_6,hard
pttjpHilN_0_65,hard
puJjT3DsP88_18,self_occluded
pvCKqiI7slI_15,normal
pvKncJEwbTQ_2,self_occluded
pvbWs8ZgKVI_23,hard
pxn2N1I0PvA_64,normal
pyR-82fuhdM_29,normal
pyR-82fuhdM_39,self_occluded
pySE0ws59uM_30,normal
pzOsKullbhY_20,normal
pzOsKullbhY_21,self_occluded
q-3TxZz75X4_75,self_occluded
q1Sk_7GzDiI_16,normal
q1Sk_7GzDiI_25,normal
q1Sk_7GzDiI_43,normal
q3aQh2-oZac_64,self_occluded
q48JbYx-BdQ_64,normal
q4W8ONdfDi4_86,normal
qAMGFJf4pzc_4,self_occluded
qB8t3LyqhkE_29,normal
qCUxJWQWnwg_11,normal
qDAqSD2mI8Q_127,self_occluded
qFHHe4wJGmQ_36,hard
qFHHe4wJGmQ_38,self_occluded
qFHHe4wJGmQ_42,self_occluded
qG0wg8w5z4k_28,self_occluded
qGNzNONESHA_16,self_occluded
qGNzNONESHA_8,normal
qGnGmOe_5-I_4,normal
qJGExd2VI1w_7,normal
qKfeLlyZEYo_0,normal
qKtVwMT1qTM_6,normal
qLwOz8Vm9Vs_3,self_occluded
qNHydI8RjbM_13,hard
qNHydI8RjbM_92,self_occluded
qO-nnrDI7HI_29,normal
qPZBIFFEf1Q_10,normal
qRkgqrACdnc_79,normal
qRkgqrACdnc_84,self_occluded
qT6Rjdyld4U_63,self_occluded
qTKv1ZcII_w_13,normal
qTKv1ZcII_w_26,normal
qTNpYaNJCNc_11,normal
qTNpYaNJCNc_4,self_occluded
qYFhoWAx784_18,normal
qYQdy7klrBQ_52,self_occluded
qYQdy7klrBQ_60,normal
qYQdy7klrBQ_83,self_occluded
qZcb9om93cM_28,self_occluded
qbu2-mroovE_14,self_occluded
qbu2-mroovE_15,self_occluded
qcMNKyZ3PQo_46,self_occluded
qdcCECCnX1o_2,self_occluded
qdcCECCnX1o_7,self_occluded
qdjo9UiDSZY_0,normal
qigyb8giETg_25,normal
qjgXxLy7sRc_17,self_occluded
qmFyG0tJGpU_21,normal
qmFyG0tJGpU_36,normal
qmFyG0tJGpU_42,normal
qmFyG0tJGpU_55,normal
qmFyG0tJGpU_74,normal
qn4FK6Dfg5E_33,normal
qpJObmHgOxk_24,hard
qrKybahyhzA_31,self_occluded
qrKybahyhzA_63,normal
qrKybahyhzA_64,self_occluded
qrKybahyhzA_66,self_occluded
qrKybahyhzA_84,self_occluded
qrKybahyhzA_9,hard
qrKybahyhzA_93,self_occluded
qtgfDdG8FXo_5,normal
quywop0b5K4_128,normal
qvHhEBD_cKg_11,self_occluded
qvHhEBD_cKg_56,hard
qvHhEBD_cKg_59,hard
qvHhEBD_cKg_75,hard
qvHhEBD_cKg_83,hard
qyTdjwO3XAY_19,self_occluded
qyilz-Kf1ns_28,self_occluded
qzHNxNNR0io_15,self_occluded
qzQ5AFNjjgI_9,normal
r-LQi3XQO7w_1,normal
r1kVXBij4Bo_13,normal
r7OnU5SLKmQ_39,normal
r9IV3OoueEY_64,self_occluded
rEOjc3mniSk_8,normal
rEwbb2FJ-7Q_59,normal
rHkI2OhX1KM_0,normal
rJ-w3cNRxx0_2,normal
rKj27OTE7AY_25,normal
rLrhleABpXs_12,normal
rS8XcUH6ruQ_49,normal
rSVtIlTFGJQ_22,self_occluded
rSjvOGX7XRo_55,self_occluded
rSjvOGX7XRo_64,self_occluded
rTFEaPgqf6I_43,normal
rTVPqmVJ5A0_2,normal
rTowc7A4WP0_17,hard
rTowc7A4WP0_3,hard
rTowc7A4WP0_7,hard
rUPmmYCSmVw_2,self_occluded
rV0goT_BMqE_12,normal
rVofZJx7olM_5,normal
rXceKorKdAE_40,normal
rY3r_k7DrD4_21,normal
rYQQBb4X8sc_4,self_occluded
rZgi4Pc5nGw_47,normal
r_wBMdZe83Q_79,normal
raZnTDA30OQ_138,self_occluded
rdsxfTJiTVw_3,normal
reCJLF5Klyc_14,self_occluded
reCJLF5Klyc_16,self_occluded
reKYEzSe6J8_124,normal
rf2AiTs_lZs_2,normal
rfCCTw4I3U4_33,self_occluded
rgR_wbj4nDc_7,normal
rhriDHE4pKg_1,normal
rhsufCZ4XKg_10,normal
rhsufCZ4XKg_27,normal
risa5VCNumU_101,self_occluded
risa5VCNumU_23,normal
risa5VCNumU_65,self_occluded
rjItPHkF6nA_28,normal
rrDjmEEGsz8_35,normal
rrDjmEEGsz8_38,self_occluded
rrGwGZYdUSY_30,self_occluded
rrGwGZYdUSY_34,self_occluded
rrGwGZYdUSY_39,normal
rrGwGZYdUSY_59,normal
rrTaSwgRwMQ_5,normal
rsKxiz0Qg5s_14,self_occluded
rtT7pqTQGyY_46,hard
rtVIpY7s-ow_9,self_occluded
rtlst76mImA_6,self_occluded
rwjYCsOWAOc_9,hard
rxHfJKtuW48_43,self_occluded
rz8EwR_OYSk_18,normal
rzu2ccxwvr8_184,normal
s0R_jvJNmu4_4,normal
s1ht4EJmMYs_35,normal
s42EFH0uvZM_24,self_occluded
s4nK8lnZEA4_14,normal
s4nK8lnZEA4_21,normal
s61NdOuONLI_21,hard
s6OzICRlauU_0,self_occluded
sAjzvcUR9v4_7,normal
sBZj3rjj1Q4_23,self_occluded
sBZj3rjj1Q4_26,normal
sBZj3rjj1Q4_38,self_occluded
sBZj3rjj1Q4_57,normal
sCMUepIM7YE_21,normal
sDq7FjRqc-o_17,hard
sEGHivA7B3o_11,self_occluded
sEGHivA7B3o_19,self_occluded
sGbweIrbZfQ_10,normal
sGbweIrbZfQ_15,normal
sGbweIrbZfQ_16,normal
sGbweIrbZfQ_20,normal
sGbweIrbZfQ_21,normal
sGbweIrbZfQ_23,normal
sGbweIrbZfQ_26,normal
sGbweIrbZfQ_6,self_occluded
sGofze4oJLw_107,self_occluded
sH5sXeAX1sE_5,normal
sI7lB48YwfM_10,self_occluded
sI80XO4eUsk_24,self_occluded
sKCiit65j80_0,self_occluded
sKs0RUHqS2E_14,self_occluded
sL1r8FjynjA_49,self_occluded
sQN-KSo4aY0_42,self_occluded
sSAD_XNNHmY_22,normal
sSmOkGClThk_36,normal
sT7enZGXMoo_13,normal
sT_zJAC366M_1,normal
sU7dZegif0g_0,normal
sYH09kQNqHY_19,self_occluded
sYH09kQNqHY_85,self_occluded
sYSV68IxgGE_8,hard
sZhp_nvlx78_28,self_occluded
sbwCYVvnPo8_37,normal
shQUuB9Tfe4_18,self_occluded
shQUuB9Tfe4_8,normal
shQUuB9Tfe4_9,normal
sjcOZD7uFos_48,self_occluded
snuI_pYW670_20,normal
sp2fJz4gJ2M_15,normal
sqwmQeAI7nE_25,self_occluded
sqwmQeAI7nE_30,self_occluded
stIP0CSLWyI_10,hard
stIP0CSLWyI_12,self_occluded
stIP0CSLWyI_37,self_occluded
stIP0CSLWyI_38,self_occluded
stIP0CSLWyI_41,hard
stIP0CSLWyI_50,self_occluded
stIP0CSLWyI_58,self_occluded
stIP0CSLWyI_59,self_occluded
stIP0CSLWyI_61,self_occluded
stIP0CSLWyI_63,self_occluded
stIP0CSLWyI_65,hard
stIP0CSLWyI_67,self_occluded
stIP0CSLWyI_71,hard
stv3Z-4kXVA_19,self_occluded
svdvc2Q22nI_22,self_occluded
svdvc2Q22nI_6,self_occluded
swYmpcljNU8_102,normal
t-N_zpzO-dA_11,normal
t-N_zpzO-dA_18,self_occluded
t-N_zpzO-dA_21,self_occluded
t0CLeZp1TDU_31,normal
t1g38RDgiR0_9,normal
t2NyI-7erWE_1,normal
t2VE0lfBryc_0,normal
t6ZDg5hjQe0_52,normal
t8w7wcQ2Ecg_10,self_occluded
t90XkHWa984_36,self_occluded
t9gmd3Mt6E4_12,normal
tAa7cJkOwXc_11,normal
tBfKy_46N88_25,normal
tBncYZ5dRB8_41,normal
tC78X82507I_44,normal
tDGEDKmAhT4_14,normal
tLTL74JpvuE_34,self_occluded
tLevJbubd7I_103,self_occluded
tX6YpAf6-co_61,normal
tX6YpAf6-co_72,self_occluded
tX8-cjeiP0w_2,normal
t_HKtdyEA3w_10,hard
t_HKtdyEA3w_7,normal
tdghBf9oyeU_1,normal
tdwDaDRyd2Q_2,normal
teKhkBnTDBc_5,self_occluded
teWkmsxqrNk_25,self_occluded
teWkmsxqrNk_36,self_occluded
teduZNoODaI_68,self_occluded
tfhM-EGCT1Y_2,normal
tfvTS4OJXgY_11,hard
tfvTS4OJXgY_18,hard
tfvTS4OJXgY_19,self_occluded
tfvTS4OJXgY_25,hard
tfvTS4OJXgY_27,hard
tfvTS4OJXgY_30,hard
tfvTS4OJXgY_31,self_occluded
tfvTS4OJXgY_32,hard
tfvTS4OJXgY_34,hard
tgYeLhHfXNU_3,self_occluded
tgYeLhHfXNU_4,self_occluded
tgYeLhHfXNU_5,self_occluded
tgYeLhHfXNU_6,self_occluded
tiDyyIntRA0_29,normal
tqJv4UOQmKY_3,normal
tqJv4UOQmKY_9,self_occluded
ttL3A2iyWxo_23,normal
ttL3A2iyWxo_57,normal
ttL3A2iyWxo_66,normal
tv9AdZzN6YI_46,self_occluded
tx4zhful-Yc_17,self_occluded
tx8hfRHpo-Y_58,normal
txHeh36yPsg_9,self_occluded
u7wjHWUdGzc_19,normal
uAWVSPJVfmo_4,self_occluded
uCAvvSARUd8_5,normal
uIoMW2S8CyE_26,self_occluded
uNGXuJl297c_25,normal
uOJFqfD881o_119,self_occluded
uOJFqfD881o_452,normal
uPlbDq8Y9bQ_62,normal
uQVzQRE0sdc_12,normal
uQVzQRE0sdc_20,normal
uT6CDdGfXu0_9,normal
uTBQtFWSk2w_53,hard
ubkf_tv6tF8_3,normal
udCPO7GJ7vc_132,normal
uf7N3NE53aw_12,hard
uf7N3NE53aw_27,self_occluded
uhE6k9Ir4O4_6,normal
uhOrOWKZVGY_9,self_occluded
uilws1FaVes_39,normal
ulqRjpYQmL8_22,normal
uoRn2pZcPEI_7,normal
uqlrefMjE1s_1,normal
us5wVDJS2xo_12,normal
us5wVDJS2xo_16,normal
uuEm64mco60_10,normal
uxr6yVsUFrI_28,hard
uxr6yVsUFrI_31,hard
uzvLldVQbdw_3,self_occluded
v44int-Yvrs_9,self_occluded
v7VyFHuuNSA_12,normal
vDmMsGK2vc0_11,self_occluded
vDmMsGK2vc0_16,normal
vDmMsGK2vc0_21,self_occluded
vDmMsGK2vc0_9,normal
vGozXV1wSYE_17,normal
vH4-SBbGVRc_4,hard
vH4-SBbGVRc_6,hard
vIER1ee4zts_13,normal
vNyHiVb_ycE_11,normal
vPgPipm9rFA_60,normal
vPtvS_RhYhQ_15,hard
vPtvS_RhYhQ_24,self_occluded
vPtvS_RhYhQ_29,hard
vPtvS_RhYhQ_33,hard
vPtvS_RhYhQ_40,self_occluded
vPtvS_RhYhQ_42,self_occluded
vPtvS_RhYhQ_45,self_occluded
vPtvS_RhYhQ_46,self_occluded
vPtvS_RhYhQ_48,self_occluded
vPtvS_RhYhQ_49,hard
vPtvS_RhYhQ_50,self_occluded
vPtvS_RhYhQ_51,hard
vPtvS_RhYhQ_57,self_occluded
vPtvS_RhYhQ_59,self_occluded
vPtvS_RhYhQ_63,hard
vPtvS_RhYhQ_64,self_occluded
vPtvS_RhYhQ_65,self_occluded
vPtvS_RhYhQ_9,self_occluded
vRyE9VKl7Tg_9,self_occluded
vTGCbwZ807w_8,self_occluded
vXU2PyIIOz8_6,self_occluded
vbzXpxF6x9A_12,self_occluded
vbzXpxF6x9A_17,self_occluded
vbzXpxF6x9A_31,normal
vbzXpxF6x9A_32,normal
vbzXpxF6x9A_37,self_occluded
vbzXpxF6x9A_41,self_occluded
vetqSFC2GNA_4,normal
vjwJWfFJzVo_6,self_occluded
vlt05KzHE-4_1,normal
voONmgwMpRI_7,normal
voOvRjifLmo_23,self_occluded
voTnHVVKUJw_13,self_occluded
vq-yiXMX6hg_14,normal
vq-yiXMX6hg_29,self_occluded
vq-yiXMX6hg_39,normal
vqGuyrWjJN8_14,hard
vqGuyrWjJN8_16,self_occluded
vqGuyrWjJN8_19,hard
vqGuyrWjJN8_21,hard
vqGuyrWjJN8_6,self_occluded
vqqi6ihzF2k_37,normal
vtBznzDZ-ck_151,normal
vvyfMAXUG9s_4,normal
vzXFX2RsMeI_39,self_occluded
w0HiZ1a9EOI_20,hard
w0HiZ1a9EOI_22,normal
w0fevY7oA3o_31,normal
w2KfskqO0DU_24,normal
w4xEOJg77VY_2,self_occluded
w4yqaC5RIas_37,normal
w4yqaC5RIas_94,normal
w5Qqy6b_yd0_14,hard
w5Qqy6b_yd0_16,hard
w5Qqy6b_yd0_6,self_occluded
wBFCSNOvJsg_12,normal
wBve-kdDnfA_22,normal
wGcNtVEpjr0_7,normal
wHMv2jkuiWM_14,normal
wJnaUD9Lh38_16,self_occluded
wMjMZGfcX-k_1,normal
wMjMZGfcX-k_7,hard
wMjMZGfcX-k_9,normal
wNLDnjQxp4E_10,normal
wNssHEeK-TM_43,self_occluded
wPMg0uSV_1s_12,normal
wS0HCRMbRRA_14,normal
wS0HCRMbRRA_21,normal
wS2kxAFsXBE_3,normal
wZ8nh-nxxUA_61,self_occluded
w_zp3_-j_tk_45,self_occluded
waZFJq48ARI_30,normal
wb5ScoLz34I_12,normal
wfHs3Xd_1nU_64,normal
wffWNSNiwMQ_52,self_occluded
wgJlTypTyyE_11,hard
wgJlTypTyyE_22,self_occluded
wgJlTypTyyE_30,hard
wgJlTypTyyE_32,hard
wgJlTypTyyE_33,hard
wgJlTypTyyE_37,self_occluded
wgJlTypTyyE_46,self_occluded
wgJlTypTyyE_47,hard
wgJlTypTyyE_51,hard
wgJlTypTyyE_66,self_occluded
wgJlTypTyyE_8,hard
wjZf3j7Hbss_109,self_occluded
wjZf3j7Hbss_214,self_occluded
wr2XbgofE1k_5,self_occluded
wrbJHRgLP34_13,self_occluded
wrbJHRgLP34_16,self_occluded
wrbJHRgLP34_18,self_occluded
wrbJHRgLP34_2,self_occluded
wrbJHRgLP34_21,self_occluded
wrbJHRgLP34_22,self_occluded
wrbJHRgLP34_23,self_occluded
wrbJHRgLP34_25,hard
wrbJHRgLP34_30,hard
wro64_tTEvU_34,normal
wuUSa57enEw_10,self_occluded
wuUSa57enEw_11,hard
wuUSa57enEw_15,hard
wuUSa57enEw_2,normal
wuduiqwsX8I_34,self_occluded
wvuWGetMg2Q_1,normal
wxldNwiFUzc_8,self_occluded
x1upsr_gi6Q_1,normal
x1upsr_gi6Q_3,normal
x46xtFHXaqc_11,self_occluded
x46xtFHXaqc_4,self_occluded
x46xtFHXaqc_41,normal
x46xtFHXaqc_45,self_occluded
x46xtFHXaqc_54,hard
x46xtFHXaqc_55,hard
x46xtFHXaqc_59,hard
x46xtFHXaqc_60,self_occluded
x46xtFHXaqc_64,hard
x46xtFHXaqc_68,self_occluded
x46xtFHXaqc_70,hard
x6PuL1xXGmI_20,self_occluded
x6PuL1xXGmI_23,self_occluded
x6PuL1xXGmI_31,self_occluded
x6PuL1xXGmI_36,hard
x6PuL1xXGmI_38,normal
x6PuL1xXGmI_50,self_occluded
x8wWnTPrIqQ_22,normal
xBTcqx3dMzg_10,self_occluded
xBU9jpw7rLc_34,normal
xFzSEiXGUmw_12,normal
xFzSEiXGUmw_17,normal
xFzSEiXGUmw_2,normal
xFzSEiXGUmw_6,hard
xG-L6Tv6ZXc_0,normal
xGCZQT03Xcs_8,normal
xHhsZub9qwY_13,normal
xI3HCn-4v80_6,normal
xNVq9WFCIw0_25,normal
x_iM-cU8F5Q_2,normal
xb85MnCGaFA_98,self_occluded
xbojKc93cTM_59,normal
xe7-6AUMxUs_3,normal
xiw-74NsrHU_3,normal
xkEpeB5Qkps_20,self_occluded
xkk9tL-I0g0_78,normal
xmMQwdM6r1A_31,normal
xmtrRLZ8jbk_34,self_occluded
xqqzqOuJM04_2,normal
xssVSI2-z2g_76,normal
xtPoS0E4wcs_0,normal
xuhLDO7umFs_11,self_occluded
xvl6xaM0pDM_6,normal
xvl6xaM0pDM_7,hard
xw7QmDXWJ60_11,normal
xwajW9pjklg_29,self_occluded
y-1tnHMCuXY_11,normal
y-3sri2fsqc_10,self_occluded
y-3sri2fsqc_51,self_occluded
y-3sri2fsqc_9,self_occluded
y-JOLqfexks_17,self_occluded
y-JOLqfexks_26,self_occluded
y38Zec_8nFE_39,normal
y5FUG3SHI0Q_71,self_occluded
y8E6vVYI_7s_23,self_occluded
y8E6vVYI_7s_53,normal
y8E6vVYI_7s_68,hard
y8E6vVYI_7s_72,hard
yCinNW7T2hg_0,normal
yEq6jexefXw_0,normal
yEq6jexefXw_10,normal
yEq6jexefXw_14,normal
yEq6jexefXw_2,normal
yEq6jexefXw_42,normal
yGwMpHu0Lj4_42,self_occluded
yITTQsuMtXE_25,hard
yITTQsuMtXE_27,self_occluded
yITTQsuMtXE_34,normal
yITTQsuMtXE_58,hard
yIkHxeLaNpY_18,normal
yJULQCvWl-Y_47,normal
yJWDB2AdvE8_0,hard
yLtYrcMNTSc_20,normal
yN-DuM5K_JY_11,normal
yN-DuM5K_JY_8,normal
yNGAAsBXB2o_27,self_occluded
yNGAAsBXB2o_35,self_occluded
yNGAAsBXB2o_6,self_occluded
yPfI451SIoY_54,self_occluded
yQUdGfJP46A_56,normal
ySYYak7lqAo_17,self_occluded
yWQw5Gwmq7A_1,self_occluded
